Workbook

Sheet moje
A1: id | B1: continent | C1: region | D1: area | E1: terrain | F1: religion | G1: climate | H1: culture | I1: goods | J1: name | K1: colonization difficulty | L1: manpower | M1: tax | N1: org_id | O1: FTG Name | P1: TILES
A2: 1 | B2: America | C2: North America | D2: Alaska | E2: mountain | F2: pagan | G2: arctic | H2: inuit | I2: gold | J2: Yukon | K2: 9 | L2: 1 | M2: 1 | N2: 1 | O2: =_xlfn.XLOOKUP(Table4[[#This Row],[id]],VALINA[id],VALINA[name]) -> Yukon | P2: =_xlfn.XLOOKUP(Table4[[#This Row],[id]],prov_color!A:A,prov_color!C:C) -> 65
A3: 2 | B3: America | C3: North America | D3: Alaska | E3: mountain | F3: pagan | G3: arctic | H3: inuit | I3: fur | J3: Kitimat | K3: 8 | L3: 1 | M3: 1 | N3: 2 | O3: =_xlfn.XLOOKUP(Table4[[#This Row],[id]],VALINA[id],VALINA[name]) -> Kitimat | P3: =_xlfn.XLOOKUP(Table4[[#This Row],[id]],prov_color!A:A,prov_color!C:C) -> 23
A4: 3 | B4: America | C4: North America | D4: Alaska | E4: forest | F4: pagan | G4: arctic | H4: salishan | I4: fur | J4: Sitka | K4: 7 | L4: 1 | M4: 1 | N4: 3 | O4: =_xlfn.XLOOKUP(Table4[[#This Row],[id]],VALINA[id],VALINA[name]) -> Sitka | P4: =_xlfn.XLOOKUP(Table4[[#This Row],[id]],prov_color!A:A,prov_color!C:C) -> 76
A5: 4 | B5: America | C5: North America | D5: Oregon | E5: mountain | F5: pagan | G5: ncontinental | H5: salishan | I5: fish | J5: Nanaimo | K5: 7 | L5: 1 | M5: 2 | N5: 4 | O5: =_xlfn.XLOOKUP(Table4[[#This Row],[id]],VALINA[id],VALINA[name]) -> Nanaimo | P5: =_xlfn.XLOOKUP(Table4[[#This Row],[id]],prov_color!A:A,prov_color!C:C) -> 52
A6: 5 | B6: America | C6: North America | D6: Oregon | E6: mountain | F6: pagan | G6: ncontinental | H6: salishan | I6: naval supplies | J6: Olympia | K6: 6 | L6: 1 | M6: 3 | N6: 5 | O6: =_xlfn.XLOOKUP(Table4[[#This Row],[id]],VALINA[id],VALINA[name]) -> Olympia | P6: =_xlfn.XLOOKUP(Table4[[#This Row],[id]],prov_color!A:A,prov_color!C:C) -> 81
A7: 6 | B7: America | C7: North America | D7: Oregon | E7: forest | F7: pagan | G7: ncontinental | H7: salishan | I7: fur | J7: Columbia | K7: 4 | L7: 1 | M7: 5 | N7: 6 | O7: =_xlfn.XLOOKUP(Table4[[#This Row],[id]],VALINA[id],VALINA[name]) -> Columbia | P7: =_xlfn.XLOOKUP(Table4[[#This Row],[id]],prov_color!A:A,prov_color!C:C) -> 54
A8: 7 | B8: America | C8: North America | D8: Oregon | E8: forest | F8: pagan | G8: ncontinental | H8: salishan | I8: fur | J8: Nehalem | K8: 5 | L8: 1 | M8: 3 | N8: 7 | O8: =_xlfn.XLOOKUP(Table4[[#This Row],[id]],VALINA[id],VALINA[name]) -> Nehalem | P8: =_xlfn.XLOOKUP(Table4[[#This Row],[id]],prov_color!A:A,prov_color!C:C) -> 45
A9: 8 | B9: America | C9: North America | D9: California | E9: plains | F9: pagan | G9: temperate | H9: miwok | I9: wine | J9: Sacramento | K9: 2 | L9: 2 | M9: 7 | N9: 8 | O9: =_xlfn.XLOOKUP(Table4[[#This Row],[id]],VALINA[id],VALINA[name]) -> Sacramento | P9: =_xlfn.XLOOKUP(Table4[[#This Row],[id]],prov_color!A:A,prov_color!C:C) -> 45
A10: 9 | B10: America | C10: North America | D10: California | E10: mountain | F10: pagan | G10: temperate | H10: miwok | I10: gold | J10: Monterey | K10: 4 | L10: 1 | M10: 5 | N10: 9 | O10: =_xlfn.XLOOKUP(Table4[[#This Row],[id]],VALINA[id],VALINA[name]) -> Monterey | P10: =_xlfn.XLOOKUP(Table4[[#This Row],[id]],prov_color!A:A,prov_color!C:C) -> 37
A11: 10 | B11: America | C11: North America | D11: California | E11: mountain | F11: pagan | G11: temperate | H11: takic | I11: wool | J11: Sierra Madre | K11: 4 | L11: 1 | M11: 4 | N11: 10 | O11: =_xlfn.XLOOKUP(Table4[[#This Row],[id]],VALINA[id],VALINA[name]) -> Sierra Madre | P11: =_xlfn.XLOOKUP(Table4[[#This Row],[id]],prov_color!A:A,prov_color!C:C) -> 40
A12: 11 | B12: America | C12: North America | D12: California | E12: plains | F12: pagan | G12: temperate | H12: takic | I12: grain | J12: San Bernardino | K12: 3 | L12: 2 | M12: 5 | N12: 11 | O12: =_xlfn.XLOOKUP(Table4[[#This Row],[id]],VALINA[id],VALINA[name]) -> San Bernardino | P12: =_xlfn.XLOOKUP(Table4[[#This Row],[id]],prov_color!A:A,prov_color!C:C) -> 53
A13: 12 | B13: America | C13: Central America | D13: Sonora | E13: mountain | F13: pagan | G13: desertic | H13: hokan | I13: fish | J13: Ensenada | K13: 8 | L13: 1 | M13: 1 | N13: 12 | O13: =_xlfn.XLOOKUP(Table4[[#This Row],[id]],VALINA[id],VALINA[name]) -> Ensenada | P13: =_xlfn.XLOOKUP(Table4[[#This Row],[id]],prov_color!A:A,prov_color!C:C) -> 38
... A825: 824 | B825: Africa | C825: West Africa | D825: St Helena | E825: mountain | F825: pagan | G825: temperate | H825: tehuelche | I825: fish | J825: St. Helena | K825: 3 | L825: 1 | M825: 1 | N825: 824 | O825: =_xlfn.XLOOKUP(Table4[[#This Row],[id]],VALINA[id],VALINA[name]) -> St. Helena | P825: =_xlfn.XLOOKUP(Table4[[#This Row],[id]],prov_color!A:A,prov_color!C:C) -> 6
A826: 825 | B826: America | C826: NWPacificSea | D826: Sea | E826: sea | G826: ncontinental | J826: Bering Straits | N826: 0 | O826: =_xlfn.XLOOKUP(Table4[[#This Row],[id]],VALINA[id],VALINA[name]) -> Bering Straits | P826: =_xlfn.XLOOKUP(Table4[[#This Row],[id]],prov_color!A:A,prov_color!C:C) -> 628
A827: 826 | B827: America | C827: AlaskaSea | D827: Sea | E827: sea | G827: tundra | J827: Aleutian Sea | N827: 0 | O827: =_xlfn.XLOOKUP(Table4[[#This Row],[id]],VALINA[id],VALINA[name]) -> Aleutian Sea | P827: =_xlfn.XLOOKUP(Table4[[#This Row],[id]],prov_color!A:A,prov_color!C:C) -> 419
A828: 827 | B828: America | C828: AlaskaSea | D828: Sea | E828: sea | G828: tundra | J828: Aleutian Islands | N828: 0 | O828: =_xlfn.XLOOKUP(Table4[[#This Row],[id]],VALINA[id],VALINA[name]) -> Aleutian Islands | P828: =_xlfn.XLOOKUP(Table4[[#This Row],[id]],prov_color!A:A,prov_color!C:C) -> 190
A829: 828 | B829: America | C829: AlaskaSea | D829: Sea | E829: sea | J829: Gulf of Alaska | K829: 0 | N829: 828 | O829: =_xlfn.XLOOKUP(Table4[[#This Row],[id]],VALINA[id],VALINA[name]) -> Gulf of Alaska | P829: =_xlfn.XLOOKUP(Table4[[#This Row],[id]],prov_color!A:A,prov_color!C:C) -> 218
A830: 829 | B830: America | C830: HudsonBaySea | D830: HudsonBayArea | E830: sea | J830: Hudson Bay | K830: 0 | N830: 829 | O830: =_xlfn.XLOOKUP(Table4[[#This Row],[id]],VALINA[id],VALINA[name]) -> Hudson Bay | P830: =_xlfn.XLOOKUP(Table4[[#This Row],[id]],prov_color!A:A,prov_color!C:C) -> 353
A831: 830 | B831: America | C831: HudsonBaySea | D831: Sea | E831: sea | J831: Hudson Straits | K831: 0 | N831: 830 | O831: =_xlfn.XLOOKUP(Table4[[#This Row],[id]],VALINA[id],VALINA[name]) -> Hudson Straits | P831: =_xlfn.XLOOKUP(Table4[[#This Row],[id]],prov_color!A:A,prov_color!C:C) -> 242
A832: 831 | B832: America | C832: HudsonBaySea | D832: Sea | E832: sea | J832: Sea of Baffin | K832: 0 | N832: 831 | O832: =_xlfn.XLOOKUP(Table4[[#This Row],[id]],VALINA[id],VALINA[name]) -> Sea of Baffin | P832: =_xlfn.XLOOKUP(Table4[[#This Row],[id]],prov_color!A:A,prov_color!C:C) -> 350
A833: 832 | B833: America | C833: HudsonBaySea | D833: Sea | E833: sea | J833: Strait of Labrador | K833: 0 | N833: 832 | O833: =_xlfn.XLOOKUP(Table4[[#This Row],[id]],VALINA[id],VALINA[name]) -> Strait of Labrador | P833: =_xlfn.XLOOKUP(Table4[[#This Row],[id]],prov_color!A:A,prov_color!C:C) -> 233
A834: 833 | B834: America | C834: HudsonBaySea | D834: Sea | E834: sea | J834: Gulf of Saint Lawrence | K834: 0 | N834: 833 | O834: =_xlfn.XLOOKUP(Table4[[#This Row],[id]],VALINA[id],VALINA[name]) -> Gulf of Saint Lawrence | P834: =_xlfn.XLOOKUP(Table4[[#This Row],[id]],prov_color!A:A,prov_color!C:C) -> 101
A835: 834 | B835: America | C835: HudsonBaySea | D835: Sea | E835: sea | J835: Sea of Labrador | K835: 0 | N835: 834 | O835: =_xlfn.XLOOKUP(Table4[[#This Row],[id]],VALINA[id],VALINA[name]) -> Sea of Labrador | P835: =_xlfn.XLOOKUP(Table4[[#This Row],[id]],prov_color!A:A,prov_color!C:C) -> 354
A836: 835 | B836: America | C836: ArcticSeaSea | D836: Sea | E836: sea | J836: Coast of Greenland | K836: 0 | N836: 835 | O836: =_xlfn.XLOOKUP(Table4[[#This Row],[id]],VALINA[id],VALINA[name]) -> Coast of Greenland | P836: =_xlfn.XLOOKUP(Table4[[#This Row],[id]],prov_color!A:A,prov_color!C:C) -> 607
A837: 836 | B837: Europe | C837: ArcticSeaSea | D837: Sea | E837: sea | J837: Coast of Iceland | K837: 0 | N837: 836 | O837: =_xlfn.XLOOKUP(Table4[[#This Row],[id]],VALINA[id],VALINA[name]) -> Coast of Iceland | P837: =_xlfn.XLOOKUP(Table4[[#This Row],[id]],prov_color!A:A,prov_color!C:C) -> 428
A838: 837 | B838: Europe | C838: ArcticSeaSea | D838: Sea | E838: sea | J838: Icelandic Sea | K838: 0 | N838: 837 | O838: =_xlfn.XLOOKUP(Table4[[#This Row],[id]],VALINA[id],VALINA[name]) -> Icelandic Sea | P838: =_xlfn.XLOOKUP(Table4[[#This Row],[id]],prov_color!A:A,prov_color!C:C) -> 389
A839: 838 | B839: Europe | C839: ArcticSeaSea | D839: Sea | E839: sea | J839: Jan Mayen Sea | K839: 0 | N839: 838 | O839: =_xlfn.XLOOKUP(Table4[[#This Row],[id]],VALINA[id],VALINA[name]) -> Jan Mayen Sea | P839: =_xlfn.XLOOKUP(Table4[[#This Row],[id]],prov_color!A:A,prov_color!C:C) -> 410
A840: 839 | B840: Europe | C840: ArcticSeaSea | D840: Sea | E840: sea | J840: Spitzberg | K840: 0 | N840: 839 | O840: =_xlfn.XLOOKUP(Table4[[#This Row],[id]],VALINA[id],VALINA[name]) -> Spitzberg | P840: =_xlfn.XLOOKUP(Table4[[#This Row],[id]],prov_color!A:A,prov_color!C:C) -> 472
A841: 840 | B841: Europe | C841: ArcticSeaSea | D841: Sea | E841: sea | J841: Throndheim Fjord | K841: 0 | N841: 840 | O841: =_xlfn.XLOOKUP(Table4[[#This Row],[id]],VALINA[id],VALINA[name]) -> Throndheim Fjord | P841: =_xlfn.XLOOKUP(Table4[[#This Row],[id]],prov_color!A:A,prov_color!C:C) -> 81
A842: 841 | B842: Europe | C842: ArcticSeaSea | D842: Sea | E842: sea | J842: The Lofotens | N842: 0 | O842: =_xlfn.XLOOKUP(Table4[[#This Row],[id]],VALINA[id],VALINA[name]) -> The Lofotens | P842: =_xlfn.XLOOKUP(Table4[[#This Row],[id]],prov_color!A:A,prov_color!C:C) -> 69
A843: 842 | B843: Europe | C843: ArcticSeaSea | D843: Sea | E843: sea | J843: North Cape | K843: 0 | N843: 842 | O843: =_xlfn.XLOOKUP(Table4[[#This Row],[id]],VALINA[id],VALINA[name]) -> North Cape | P843: =_xlfn.XLOOKUP(Table4[[#This Row],[id]],prov_color!A:A,prov_color!C:C) -> 190
A844: 843 | B844: Europe | C844: ArcticSeaSea | D844: Sea | E844: sea | G844: arctic | J844: White Sea | K844: 0 | N844: 843 | O844: =_xlfn.XLOOKUP(Table4[[#This Row],[id]],VALINA[id],VALINA[name]) -> White Sea | P844: =_xlfn.XLOOKUP(Table4[[#This Row],[id]],prov_color!A:A,prov_color!C:C) -> 402
A845: 844 | B845: Asia | C845: KamtchatkaSea | D845: Sea | E845: sea | J845: Bay of Ajan | K845: 0 | N845: 844 | O845: =_xlfn.XLOOKUP(Table4[[#This Row],[id]],VALINA[id],VALINA[name]) -> Bay of Ajan | P845: =_xlfn.XLOOKUP(Table4[[#This Row],[id]],prov_color!A:A,prov_color!C:C) -> 77
A846: 845 | B846: Asia | C846: KamtchatkaSea | D846: Sea | E846: sea | J846: Bay of Magadan | K846: 0 | N846: 845 | O846: =_xlfn.XLOOKUP(Table4[[#This Row],[id]],VALINA[id],VALINA[name]) -> Bay of Magadan | P846: =_xlfn.XLOOKUP(Table4[[#This Row],[id]],prov_color!A:A,prov_color!C:C) -> 70
A847: 846 | B847: Asia | C847: KamtchatkaSea | D847: Sea | E847: sea | J847: Gulf of Kolyma | K847: 0 | N847: 846 | O847: =_xlfn.XLOOKUP(Table4[[#This Row],[id]],VALINA[id],VALINA[name]) -> Gulf of kolyma | P847: =_xlfn.XLOOKUP(Table4[[#This Row],[id]],prov_color!A:A,prov_color!C:C) -> 82
A848: 847 | B848: Asia | C848: KamtchatkaSea | D848: Sea | E848: sea | J848: Bay of Kamenskoie | K848: 0 | N848: 847 | O848: =_xlfn.XLOOKUP(Table4[[#This Row],[id]],VALINA[id],VALINA[name]) -> Bay of Kamenskoie | P848: =_xlfn.XLOOKUP(Table4[[#This Row],[id]],prov_color!A:A,prov_color!C:C) -> 118
A849: 848 | B849: Asia | C849: KamtchatkaSea | D849: Sea | E849: sea | J849: Coast of Kamchatska | K849: 0 | N849: 848 | O849: =_xlfn.XLOOKUP(Table4[[#This Row],[id]],VALINA[id],VALINA[name]) -> Coast of Kamchatska | P849: =_xlfn.XLOOKUP(Table4[[#This Row],[id]],prov_color!A:A,prov_color!C:C) -> 159
A850: 849 | B850: Asia | C850: KamtchatkaSea | D850: Sea | E850: sea | J850: Cape of Kamchatska | K850: 0 | N850: 849 | O850: =_xlfn.XLOOKUP(Table4[[#This Row],[id]],VALINA[id],VALINA[name]) -> Cape of Kamchatska | P850: =_xlfn.XLOOKUP(Table4[[#This Row],[id]],prov_color!A:A,prov_color!C:C) -> 136
A851: 850 | B851: Asia | C851: KamtchatkaSea | D851: Sea | E851: sea | J851: Komandorski Islands | K851: 0 | N851: 850 | O851: =_xlfn.XLOOKUP(Table4[[#This Row],[id]],VALINA[id],VALINA[name]) -> Komandorski Islands | P851: =_xlfn.XLOOKUP(Table4[[#This Row],[id]],prov_color!A:A,prov_color!C:C) -> 130
A852: 851 | B852: Asia | C852: KamtchatkaSea | D852: Sea | E852: sea | J852: Bay of Uka | K852: 0 | N852: 851 | O852: =_xlfn.XLOOKUP(Table4[[#This Row],[id]],VALINA[id],VALINA[name]) -> Bay of Uka | P852: =_xlfn.XLOOKUP(Table4[[#This Row],[id]],prov_color!A:A,prov_color!C:C) -> 123
A853: 852 | B853: Asia | C853: KamtchatkaSea | D853: Sea | E853: sea | J853: Bay of Oljut | K853: 0 | N853: 852 | O853: =_xlfn.XLOOKUP(Table4[[#This Row],[id]],VALINA[id],VALINA[name]) -> Bay of Oljut | P853: =_xlfn.XLOOKUP(Table4[[#This Row],[id]],prov_color!A:A,prov_color!C:C) -> 120
A854: 853 | B854: Asia | C854: NWPacificSea | D854: Sea | E854: sea | J854: Bay of Anadyr | K854: 0 | N854: 853 | O854: =_xlfn.XLOOKUP(Table4[[#This Row],[id]],VALINA[id],VALINA[name]) -> Bay of Anadyr | P854: =_xlfn.XLOOKUP(Table4[[#This Row],[id]],prov_color!A:A,prov_color!C:C) -> 177
A855: 854 | B855: Asia | C855: NWPacificSea | D855: Sea | E855: sea | G855: tundra | J855: Western Aleutian Sea | N855: 0 | O855: =_xlfn.XLOOKUP(Table4[[#This Row],[id]],VALINA[id],VALINA[name]) -> Western Aleutian Sea | P855: =_xlfn.XLOOKUP(Table4[[#This Row],[id]],prov_color!A:A,prov_color!C:C) -> 656
A856: 855 | B856: Asia | C856: NWPacificSea | D856: Sea | E856: sea | G856: tundra | J856: Central Aleutian Sea | N856: 0 | O856: =_xlfn.XLOOKUP(Table4[[#This Row],[id]],VALINA[id],VALINA[name]) -> Central Aleutian Sea | P856: =_xlfn.XLOOKUP(Table4[[#This Row],[id]],prov_color!A:A,prov_color!C:C) -> 467
A857: 856 | B857: America | C857: NWPacificSea | D857: Sea | E857: sea | J857: South Aleutian Sea | N857: 0 | O857: =_xlfn.XLOOKUP(Table4[[#This Row],[id]],VALINA[id],VALINA[name]) -> South Aleutian Sea | P857: =_xlfn.XLOOKUP(Table4[[#This Row],[id]],prov_color!A:A,prov_color!C:C) -> 559
A858: 857 | B858: America | C858: AlaskaSea | D858: Sea | E858: sea | J858: Northwestern Pacific Ocean | N858: 0 | O858: =_xlfn.XLOOKUP(Table4[[#This Row],[id]],VALINA[id],VALINA[name]) -> Northwestern Pacific Ocean | P858: =_xlfn.XLOOKUP(Table4[[#This Row],[id]],prov_color!A:A,prov_color!C:C) -> 613
A859: 858 | B859: America | C859: AlaskaSea | D859: Sea | E859: sea | J859: Northern Pacific Ocean | K859: 0 | N859: 858 | O859: =_xlfn.XLOOKUP(Table4[[#This Row],[id]],VALINA[id],VALINA[name]) -> Northern Pacific Ocean | P859: =_xlfn.XLOOKUP(Table4[[#This Row],[id]],prov_color!A:A,prov_color!C:C) -> 533
A860: 859 | B860: America | C860: AlaskaSea | D860: Sea | E860: sea | J860: Northwestern Pacific Ocean | N860: 0 | O860: =_xlfn.XLOOKUP(Table4[[#This Row],[id]],VALINA[id],VALINA[name]) -> Northwestern Pacific Ocean | P860: =_xlfn.XLOOKUP(Table4[[#This Row],[id]],prov_color!A:A,prov_color!C:C) -> 574
A861: 860 | B861: America | C861: AlaskaSea | D861: Sea | E861: sea | J861: Coast of Oregon | K861: 0 | N861: 860 | O861: =_xlfn.XLOOKUP(Table4[[#This Row],[id]],VALINA[id],VALINA[name]) -> Coast of Oregon | P861: =_xlfn.XLOOKUP(Table4[[#This Row],[id]],prov_color!A:A,prov_color!C:C) -> 253
A862: 861 | B862: America | C862: AlaskaSea | D862: Sea | E862: sea | J862: Coast of Columbia | K862: 0 | N862: 861 | O862: =_xlfn.XLOOKUP(Table4[[#This Row],[id]],VALINA[id],VALINA[name]) -> Coast of Columbia | P862: =_xlfn.XLOOKUP(Table4[[#This Row],[id]],prov_color!A:A,prov_color!C:C) -> 256
A863: 862 | B863: America | C863: ENACoastSea | D863: Sea | E863: sea | J863: Cheasapeake Bay | K863: 0 | N863: 862 | O863: =_xlfn.XLOOKUP(Table4[[#This Row],[id]],VALINA[id],VALINA[name]) -> Cheasapeake Bay | P863: =_xlfn.XLOOKUP(Table4[[#This Row],[id]],prov_color!A:A,prov_color!C:C) -> 109
A864: 863 | B864: America | C864: ENACoastSea | D864: Sea | E864: sea | J864: Massachussetts Bay | K864: 0 | N864: 863 | O864: =_xlfn.XLOOKUP(Table4[[#This Row],[id]],VALINA[id],VALINA[name]) -> Massachussetts Bay | P864: =_xlfn.XLOOKUP(Table4[[#This Row],[id]],prov_color!A:A,prov_color!C:C) -> 113
A865: 864 | B865: America | C865: HudsonBaySea | D865: Sea | E865: sea | J865: Bay of Fundy | K865: 0 | N865: 864 | O865: =_xlfn.XLOOKUP(Table4[[#This Row],[id]],VALINA[id],VALINA[name]) -> Bay of Fundy | P865: =_xlfn.XLOOKUP(Table4[[#This Row],[id]],prov_color!A:A,prov_color!C:C) -> 211
A866: 865 | B866: America | C866: HudsonBaySea | D866: Sea | E866: sea | J866: Newfoundland Banks | K866: 0 | N866: 865 | O866: =_xlfn.XLOOKUP(Table4[[#This Row],[id]],VALINA[id],VALINA[name]) -> Newfoundland Banks | P866: =_xlfn.XLOOKUP(Table4[[#This Row],[id]],prov_color!A:A,prov_color!C:C) -> 172
A867: 866 | B867: America | C867: NAtlanticSea | D867: Sea | E867: sea | J867: Greenland Sea | K867: 0 | N867: 866 | O867: =_xlfn.XLOOKUP(Table4[[#This Row],[id]],VALINA[id],VALINA[name]) -> Greenland Sea | P867: =_xlfn.XLOOKUP(Table4[[#This Row],[id]],prov_color!A:A,prov_color!C:C) -> 576
A868: 867 | B868: Europe | C868: NAtlanticSea | D868: Sea | E868: sea | J868: Western Icelandic Sea | N868: 0 | O868: =_xlfn.XLOOKUP(Table4[[#This Row],[id]],VALINA[id],VALINA[name]) -> Western Icelandic Sea | P868: =_xlfn.XLOOKUP(Table4[[#This Row],[id]],prov_color!A:A,prov_color!C:C) -> 658
A869: 868 | B869: Europe | C869: NAtlanticSea | D869: Sea | E869: sea | J869: South Icelandic Sea | K869: 0 | N869: 868 | O869: =_xlfn.XLOOKUP(Table4[[#This Row],[id]],VALINA[id],VALINA[name]) -> South Icelandic Sea | P869: =_xlfn.XLOOKUP(Table4[[#This Row],[id]],prov_color!A:A,prov_color!C:C) -> 317
A870: 869 | B870: Europe | C870: NorthSeaSea | D870: Sea | E870: sea | J870: Faeroes | K870: 0 | N870: 869 | O870: =_xlfn.XLOOKUP(Table4[[#This Row],[id]],VALINA[id],VALINA[name]) -> Faeroes | P870: =_xlfn.XLOOKUP(Table4[[#This Row],[id]],prov_color!A:A,prov_color!C:C) -> 219
A871: 870 | B871: Europe | C871: NorthSeaSea | D871: Sea | E871: sea | J871: Shetland Straits | K871: 0 | N871: 870 | O871: =_xlfn.XLOOKUP(Table4[[#This Row],[id]],VALINA[id],VALINA[name]) -> Shetland Straits | P871: =_xlfn.XLOOKUP(Table4[[#This Row],[id]],prov_color!A:A,prov_color!C:C) -> 111
A872: 871 | B872: Europe | C872: NorthSeaSea | D872: Sea | E872: sea | J872: Shetlands | K872: 0 | N872: 871 | O872: =_xlfn.XLOOKUP(Table4[[#This Row],[id]],VALINA[id],VALINA[name]) -> Shetlands | P872: =_xlfn.XLOOKUP(Table4[[#This Row],[id]],prov_color!A:A,prov_color!C:C) -> 136
A873: 872 | B873: Europe | C873: NorthSeaSea | D873: Sea | E873: sea | J873: Norwegian Sea | K873: 0 | N873: 872 | O873: =_xlfn.XLOOKUP(Table4[[#This Row],[id]],VALINA[id],VALINA[name]) -> Norwegian Sea | P873: =_xlfn.XLOOKUP(Table4[[#This Row],[id]],prov_color!A:A,prov_color!C:C) -> 203
A874: 873 | B874: Europe | C874: NorthSeaSea | D874: Sea | E874: sea | J874: Sea of Bergen | K874: 0 | N874: 873 | O874: =_xlfn.XLOOKUP(Table4[[#This Row],[id]],VALINA[id],VALINA[name]) -> Sea of Bergen | P874: =_xlfn.XLOOKUP(Table4[[#This Row],[id]],prov_color!A:A,prov_color!C:C) -> 69
A875: 874 | B875: Europe | C875: NorthSeaSea | D875: Sea | E875: sea | G875: arctic | J875: Sea of Stavanger | K875: 0 | N875: 874 | O875: =_xlfn.XLOOKUP(Table4[[#This Row],[id]],VALINA[id],VALINA[name]) -> Sea of Stavanger | P875: =_xlfn.XLOOKUP(Table4[[#This Row],[id]],prov_color!A:A,prov_color!C:C) -> 66
A876: 875 | B876: Europe | C876: ScandinaviaSea | D876: Sea | E876: sea | G876: ncontinental | J876: The Sund | K876: 0 | N876: 875 | O876: =_xlfn.XLOOKUP(Table4[[#This Row],[id]],VALINA[id],VALINA[name]) -> The Sund | P876: =_xlfn.XLOOKUP(Table4[[#This Row],[id]],prov_color!A:A,prov_color!C:C) -> 39
A877: 876 | B877: Europe | C877: ScandinaviaSea | D877: Sea | E877: sea | G877: ncontinental | J877: Baltic Sea | K877: 0 | N877: 876 | O877: =_xlfn.XLOOKUP(Table4[[#This Row],[id]],VALINA[id],VALINA[name]) -> Baltic Sea | P877: =_xlfn.XLOOKUP(Table4[[#This Row],[id]],prov_color!A:A,prov_color!C:C) -> 31
A878: 877 | B878: Europe | C878: ScandinaviaSea | D878: Sea | E878: sea | G878: ncontinental | J878: Kalmar Strait | K878: 0 | N878: 877 | O878: =_xlfn.XLOOKUP(Table4[[#This Row],[id]],VALINA[id],VALINA[name]) -> Kalmar Strait | P878: =_xlfn.XLOOKUP(Table4[[#This Row],[id]],prov_color!A:A,prov_color!C:C) -> 49
A879: 878 | B879: Europe | C879: ScandinaviaSea | D879: Sea | E879: sea | G879: tundra | J879: Gulf of Riga | K879: 0 | N879: 878 | O879: =_xlfn.XLOOKUP(Table4[[#This Row],[id]],VALINA[id],VALINA[name]) -> Gulf of Riga | P879: =_xlfn.XLOOKUP(Table4[[#This Row],[id]],prov_color!A:A,prov_color!C:C) -> 49
A880: 879 | B880: Europe | C880: ScandinaviaSea | D880: Sea | E880: sea | G880: tundra | J880: Gulf of Finland | K880: 0 | N880: 879 | O880: =_xlfn.XLOOKUP(Table4[[#This Row],[id]],VALINA[id],VALINA[name]) -> Gulf of Finland | P880: =_xlfn.XLOOKUP(Table4[[#This Row],[id]],prov_color!A:A,prov_color!C:C) -> 19
A881: 880 | B881: Europe | C881: ScandinaviaSea | D881: Sea | E881: sea | G881: tundra | J881: �land Sea | N881: 0 | O881: =_xlfn.XLOOKUP(Table4[[#This Row],[id]],VALINA[id],VALINA[name]) -> �land Sea | P881: =_xlfn.XLOOKUP(Table4[[#This Row],[id]],prov_color!A:A,prov_color!C:C) -> 56
A882: 881 | B882: Europe | C882: ScandinaviaSea | D882: Sea | E882: sea | G882: arctic | J882: Gulf of Turku | K882: 0 | N882: 881 | O882: =_xlfn.XLOOKUP(Table4[[#This Row],[id]],VALINA[id],VALINA[name]) -> Gulf of Turku | P882: =_xlfn.XLOOKUP(Table4[[#This Row],[id]],prov_color!A:A,prov_color!C:C) -> 35
A883: 882 | B883: Europe | C883: ScandinaviaSea | D883: Sea | E883: sea | G883: arctic | J883: Gulf of Bothnia | K883: 0 | N883: 882 | O883: =_xlfn.XLOOKUP(Table4[[#This Row],[id]],VALINA[id],VALINA[name]) -> Gulf of Bothnia | P883: =_xlfn.XLOOKUP(Table4[[#This Row],[id]],prov_color!A:A,prov_color!C:C) -> 31
A884: 883 | B884: Asia | C884: KamtchatkaSea | D884: Sea | E884: sea | J884: Amur Delta | K884: 0 | N884: 883 | O884: =_xlfn.XLOOKUP(Table4[[#This Row],[id]],VALINA[id],VALINA[name]) -> Amur Delta | P884: =_xlfn.XLOOKUP(Table4[[#This Row],[id]],prov_color!A:A,prov_color!C:C) -> 101
A885: 884 | B885: Asia | C885: KamtchatkaSea | D885: Sea | E885: sea | J885: Okhotsk Sea | K885: 0 | N885: 884 | O885: =_xlfn.XLOOKUP(Table4[[#This Row],[id]],VALINA[id],VALINA[name]) -> Okhotsk Sea | P885: =_xlfn.XLOOKUP(Table4[[#This Row],[id]],prov_color!A:A,prov_color!C:C) -> 93
A886: 885 | B886: Asia | C886: JapanSea | D886: Sea | E886: sea | J886: Coast of Sakhalin | K886: 0 | N886: 885 | O886: =_xlfn.XLOOKUP(Table4[[#This Row],[id]],VALINA[id],VALINA[name]) -> Coast of Sakhalin | P886: =_xlfn.XLOOKUP(Table4[[#This Row],[id]],prov_color!A:A,prov_color!C:C) -> 223
A887: 886 | B887: Asia | C887: JapanSea | D887: Sea | E887: sea | J887: Tatar Straits | K887: 0 | N887: 886 | O887: =_xlfn.XLOOKUP(Table4[[#This Row],[id]],VALINA[id],VALINA[name]) -> Tatar Straits | P887: =_xlfn.XLOOKUP(Table4[[#This Row],[id]],prov_color!A:A,prov_color!C:C) -> 121
A888: 887 | B888: Asia | C888: JapanSea | D888: Sea | E888: sea | J888: Soya Strait | K888: 0 | N888: 887 | O888: =_xlfn.XLOOKUP(Table4[[#This Row],[id]],VALINA[id],VALINA[name]) -> Soya Strait | P888: =_xlfn.XLOOKUP(Table4[[#This Row],[id]],prov_color!A:A,prov_color!C:C) -> 144
A889: 888 | B889: Asia | C889: JapanSea | D889: Sea | E889: sea | J889: The Kuriles | K889: 0 | N889: 888 | O889: =_xlfn.XLOOKUP(Table4[[#This Row],[id]],VALINA[id],VALINA[name]) -> The Kuriles | P889: =_xlfn.XLOOKUP(Table4[[#This Row],[id]],prov_color!A:A,prov_color!C:C) -> 408
A890: 889 | B890: Asia | C890: NWPacificSea | D890: Sea | E890: sea | J890: Northern Pacific Ocean | N890: 0 | O890: =_xlfn.XLOOKUP(Table4[[#This Row],[id]],VALINA[id],VALINA[name]) -> Northern Pacific Ocean | P890: =_xlfn.XLOOKUP(Table4[[#This Row],[id]],prov_color!A:A,prov_color!C:C) -> 439
A891: 890 | B891: Asia | C891: NWPacificSea | D891: Sea | E891: sea | J891: Northern Pacific Ocean | N891: 0 | O891: =_xlfn.XLOOKUP(Table4[[#This Row],[id]],VALINA[id],VALINA[name]) -> Northern Pacific Ocean | P891: =_xlfn.XLOOKUP(Table4[[#This Row],[id]],prov_color!A:A,prov_color!C:C) -> 271
A892: 891 | B892: Asia | C892: NWPacificSea | D892: Sea | E892: sea | J892: Northern Pacific Ocean | N892: 0 | O892: =_xlfn.XLOOKUP(Table4[[#This Row],[id]],VALINA[id],VALINA[name]) -> Northern Pacific Ocean | P892: =_xlfn.XLOOKUP(Table4[[#This Row],[id]],prov_color!A:A,prov_color!C:C) -> 296
A893: 892 | B893: Asia | C893: NWPacificSea | D893: Sea | E893: sea | J893: Northern Pacific Ocean | N893: 0 | O893: =_xlfn.XLOOKUP(Table4[[#This Row],[id]],VALINA[id],VALINA[name]) -> Northern Pacific Ocean | P893: =_xlfn.XLOOKUP(Table4[[#This Row],[id]],prov_color!A:A,prov_color!C:C) -> 658
A894: 893 | B894: Asia | C894: NWPacificSea | D894: Sea | E894: sea | J894: Northern Pacific Ocean | N894: 0 | O894: =_xlfn.XLOOKUP(Table4[[#This Row],[id]],VALINA[id],VALINA[name]) -> Northern Pacific Ocean | P894: =_xlfn.XLOOKUP(Table4[[#This Row],[id]],prov_color!A:A,prov_color!C:C) -> 668
A895: 894 | B895: America | C895: AlaskaSea | D895: Sea | E895: sea | J895: Northern Pacific Ocean | N895: 0 | O895: =_xlfn.XLOOKUP(Table4[[#This Row],[id]],VALINA[id],VALINA[name]) -> Northern Pacific Ocean | P895: =_xlfn.XLOOKUP(Table4[[#This Row],[id]],prov_color!A:A,prov_color!C:C) -> 339
A896: 895 | B896: America | C896: AlaskaSea | D896: Sea | E896: sea | J896: Northern Pacific Ocean | N896: 0 | O896: =_xlfn.XLOOKUP(Table4[[#This Row],[id]],VALINA[id],VALINA[name]) -> Northern Pacific Ocean | P896: =_xlfn.XLOOKUP(Table4[[#This Row],[id]],prov_color!A:A,prov_color!C:C) -> 552
A897: 896 | B897: America | C897: AlaskaSea | D897: Sea | E897: sea | J897: Northern Pacific Ocean | N897: 0 | O897: =_xlfn.XLOOKUP(Table4[[#This Row],[id]],VALINA[id],VALINA[name]) -> Northern Pacific Ocean | P897: =_xlfn.XLOOKUP(Table4[[#This Row],[id]],prov_color!A:A,prov_color!C:C) -> 605
A898: 897 | B898: America | C898: AlaskaSea | D898: Sea | E898: sea | J898: Santa Catalina Islands | K898: 0 | N898: 897 | O898: =_xlfn.XLOOKUP(Table4[[#This Row],[id]],VALINA[id],VALINA[name]) -> Santa Catalina Islands | P898: =_xlfn.XLOOKUP(Table4[[#This Row],[id]],prov_color!A:A,prov_color!C:C) -> 173
A899: 898 | B899: America | C899: EPacificSea | D899: Sea | E899: sea | J899: Northern Pacific Ocean | N899: 0 | O899: =_xlfn.XLOOKUP(Table4[[#This Row],[id]],VALINA[id],VALINA[name]) -> Northern Pacific Ocean | P899: =_xlfn.XLOOKUP(Table4[[#This Row],[id]],prov_color!A:A,prov_color!C:C) -> 157
A900: 899 | B900: America | C900: EPacificSea | D900: Sea | E900: sea | J900: Coast of California | K900: 0 | N900: 899 | O900: =_xlfn.XLOOKUP(Table4[[#This Row],[id]],VALINA[id],VALINA[name]) -> Coast of California | P900: =_xlfn.XLOOKUP(Table4[[#This Row],[id]],prov_color!A:A,prov_color!C:C) -> 203
A901: 900 | B901: America | C901: EPacificSea | D901: Sea | E901: sea | J901: Californian Gulf | K901: 0 | N901: 900 | O901: =_xlfn.XLOOKUP(Table4[[#This Row],[id]],VALINA[id],VALINA[name]) -> Californian Gulf | P901: =_xlfn.XLOOKUP(Table4[[#This Row],[id]],prov_color!A:A,prov_color!C:C) -> 155
A902: 901 | B902: America | C902: EPacificSea | D902: Sea | E902: sea | J902: Mazatlan Bay | K902: 0 | N902: 901 | O902: =_xlfn.XLOOKUP(Table4[[#This Row],[id]],VALINA[id],VALINA[name]) -> Mazatlan Bay | P902: =_xlfn.XLOOKUP(Table4[[#This Row],[id]],prov_color!A:A,prov_color!C:C) -> 210
A903: 902 | B903: America | C903: CaribbeanSea | D903: Sea | E903: sea | J903: Tampico Bay | K903: 0 | N903: 902 | O903: =_xlfn.XLOOKUP(Table4[[#This Row],[id]],VALINA[id],VALINA[name]) -> Tampico Bay | P903: =_xlfn.XLOOKUP(Table4[[#This Row],[id]],prov_color!A:A,prov_color!C:C) -> 109
A904: 903 | B904: America | C904: CaribbeanSea | D904: Sea | E904: sea | J904: Yucatan Sea | K904: 0 | N904: 903 | O904: =_xlfn.XLOOKUP(Table4[[#This Row],[id]],VALINA[id],VALINA[name]) -> Yucatan Sea | P904: =_xlfn.XLOOKUP(Table4[[#This Row],[id]],prov_color!A:A,prov_color!C:C) -> 91
A905: 904 | B905: America | C905: CaribbeanSea | D905: Sea | E905: sea | J905: Gulf of Mexico | K905: 0 | N905: 904 | O905: =_xlfn.XLOOKUP(Table4[[#This Row],[id]],VALINA[id],VALINA[name]) -> Gulf of Mexico | P905: =_xlfn.XLOOKUP(Table4[[#This Row],[id]],prov_color!A:A,prov_color!C:C) -> 164
A906: 905 | B906: America | C906: CaribbeanSea | D906: Sea | E906: sea | J906: Mississippi Bay | K906: 0 | N906: 905 | O906: =_xlfn.XLOOKUP(Table4[[#This Row],[id]],VALINA[id],VALINA[name]) -> Mississippi Bay | P906: =_xlfn.XLOOKUP(Table4[[#This Row],[id]],prov_color!A:A,prov_color!C:C) -> 94
A907: 906 | B907: America | C907: CaribbeanSea | D907: Sea | E907: sea | J907: Mobile Bay | K907: 0 | N907: 906 | O907: =_xlfn.XLOOKUP(Table4[[#This Row],[id]],VALINA[id],VALINA[name]) -> Mobile Bay | P907: =_xlfn.XLOOKUP(Table4[[#This Row],[id]],prov_color!A:A,prov_color!C:C) -> 85
A908: 907 | B908: America | C908: ENACoastSea | D908: Sea | E908: sea | J908: Cape Canaveral | N908: 0 | O908: =_xlfn.XLOOKUP(Table4[[#This Row],[id]],VALINA[id],VALINA[name]) -> Cape Canaveral | P908: =_xlfn.XLOOKUP(Table4[[#This Row],[id]],prov_color!A:A,prov_color!C:C) -> 65
A909: 908 | B909: America | C909: ENACoastSea | D909: Sea | E909: sea | J909: Coast of Carolina | K909: 0 | N909: 908 | O909: =_xlfn.XLOOKUP(Table4[[#This Row],[id]],VALINA[id],VALINA[name]) -> Coast of Carolina | P909: =_xlfn.XLOOKUP(Table4[[#This Row],[id]],prov_color!A:A,prov_color!C:C) -> 128
A910: 909 | B910: America | C910: ENACoastSea | D910: Sea | E910: sea | J910: Cape Hatteras | K910: 0 | N910: 909 | O910: =_xlfn.XLOOKUP(Table4[[#This Row],[id]],VALINA[id],VALINA[name]) -> Cape Hatteras | P910: =_xlfn.XLOOKUP(Table4[[#This Row],[id]],prov_color!A:A,prov_color!C:C) -> 78
A911: 910 | B911: America | C911: ENACoastSea | D911: Sea | E911: sea | J911: Bermuda Triangle | K911: 0 | N911: 910 | O911: =_xlfn.XLOOKUP(Table4[[#This Row],[id]],VALINA[id],VALINA[name]) -> Bermuda Triangle | P911: =_xlfn.XLOOKUP(Table4[[#This Row],[id]],prov_color!A:A,prov_color!C:C) -> 221
...

Sheet provsorg
A1: id | B1: continent | C1: region | D1: area | E1: terrain | F1: religion | G1: climate | H1: culture | I1: goods | J1: name | K1: colonization_difficulty | L1: income | M1: manpower | N1: size_modifier | O1: map tiles | P1: map id | Q1: TRANS
A2: 1 | B2: America | C2: North America | D2: Alaska | E2: mountain | F2: pagan | G2: arctic | H2: inuit | I2: gold | J2: Yukon | K2: 9 | L2: 1 | M2: 1 | N2: 0 | O2: =_xlfn.XLOOKUP(VALINA[[#This Row],[id]],prov_color!A:A,prov_color!C:C) -> 65 | P2: =_xlfn.XLOOKUP(VALINA[[#This Row],[id]],Table4[id],Table4[name]) -> Yukon | Q2: =_xlfn.XLOOKUP(VALINA[[#This Row],[name]],Trans!A:A,Trans!B:B) -> Yukon
A3: 2 | B3: America | C3: North America | D3: Alaska | E3: mountain | F3: pagan | G3: arctic | H3: inuit | I3: fur | J3: Kitimat | K3: 8 | L3: 1 | M3: 1 | N3: 0 | O3: =_xlfn.XLOOKUP(VALINA[[#This Row],[id]],prov_color!A:A,prov_color!C:C) -> 23 | P3: =_xlfn.XLOOKUP(VALINA[[#This Row],[id]],Table4[id],Table4[name]) -> Kitimat | Q3: =_xlfn.XLOOKUP(VALINA[[#This Row],[name]],Trans!A:A,Trans!B:B) -> Kitimat
A4: 3 | B4: America | C4: North America | D4: Alaska | E4: forest | F4: pagan | G4: arctic | H4: salishan | I4: fur | J4: Sitka | K4: 7 | L4: 1 | M4: 1 | N4: 0 | O4: =_xlfn.XLOOKUP(VALINA[[#This Row],[id]],prov_color!A:A,prov_color!C:C) -> 76 | P4: =_xlfn.XLOOKUP(VALINA[[#This Row],[id]],Table4[id],Table4[name]) -> Sitka | Q4: =_xlfn.XLOOKUP(VALINA[[#This Row],[name]],Trans!A:A,Trans!B:B) -> Sitka
A5: 4 | B5: America | C5: North America | D5: Oregon | E5: mountain | F5: pagan | G5: ncontinental | H5: salishan | I5: fish | J5: Nanaimo | K5: 7 | L5: 2 | M5: 1 | N5: 0 | O5: =_xlfn.XLOOKUP(VALINA[[#This Row],[id]],prov_color!A:A,prov_color!C:C) -> 52 | P5: =_xlfn.XLOOKUP(VALINA[[#This Row],[id]],Table4[id],Table4[name]) -> Nanaimo | Q5: =_xlfn.XLOOKUP(VALINA[[#This Row],[name]],Trans!A:A,Trans!B:B) -> Nanaimo
A6: 5 | B6: America | C6: North America | D6: Oregon | E6: mountain | F6: pagan | G6: ncontinental | H6: salishan | I6: naval_supplies | J6: Olympia | K6: 6 | L6: 3 | M6: 1 | N6: 0 | O6: =_xlfn.XLOOKUP(VALINA[[#This Row],[id]],prov_color!A:A,prov_color!C:C) -> 81 | P6: =_xlfn.XLOOKUP(VALINA[[#This Row],[id]],Table4[id],Table4[name]) -> Olympia | Q6: =_xlfn.XLOOKUP(VALINA[[#This Row],[name]],Trans!A:A,Trans!B:B) -> Olympia
A7: 6 | B7: America | C7: North America | D7: Oregon | E7: forest | F7: pagan | G7: ncontinental | H7: salishan | I7: fur | J7: Columbia | K7: 4 | L7: 5 | M7: 1 | N7: 0 | O7: =_xlfn.XLOOKUP(VALINA[[#This Row],[id]],prov_color!A:A,prov_color!C:C) -> 54 | P7: =_xlfn.XLOOKUP(VALINA[[#This Row],[id]],Table4[id],Table4[name]) -> Columbia | Q7: =_xlfn.XLOOKUP(VALINA[[#This Row],[name]],Trans!A:A,Trans!B:B) -> Columbia
A8: 7 | B8: America | C8: North America | D8: Oregon | E8: forest | F8: pagan | G8: ncontinental | H8: salishan | I8: fur | J8: Nehalem | K8: 5 | L8: 3 | M8: 1 | N8: 0 | O8: =_xlfn.XLOOKUP(VALINA[[#This Row],[id]],prov_color!A:A,prov_color!C:C) -> 45 | P8: =_xlfn.XLOOKUP(VALINA[[#This Row],[id]],Table4[id],Table4[name]) -> Nehalem | Q8: =_xlfn.XLOOKUP(VALINA[[#This Row],[name]],Trans!A:A,Trans!B:B) -> Nehalem
A9: 8 | B9: America | C9: North America | D9: California | E9: plains | F9: pagan | G9: temperate | H9: miwok | I9: wine | J9: Sacramento | K9: 2 | L9: 7 | M9: 2 | N9: 0 | O9: =_xlfn.XLOOKUP(VALINA[[#This Row],[id]],prov_color!A:A,prov_color!C:C) -> 45 | P9: =_xlfn.XLOOKUP(VALINA[[#This Row],[id]],Table4[id],Table4[name]) -> Sacramento | Q9: =_xlfn.XLOOKUP(VALINA[[#This Row],[name]],Trans!A:A,Trans!B:B) -> Sacramento
A10: 9 | B10: America | C10: North America | D10: California | E10: mountain | F10: pagan | G10: temperate | H10: miwok | I10: gold | J10: Monterey | K10: 4 | L10: 5 | M10: 1 | N10: 0 | O10: =_xlfn.XLOOKUP(VALINA[[#This Row],[id]],prov_color!A:A,prov_color!C:C) -> 37 | P10: =_xlfn.XLOOKUP(VALINA[[#This Row],[id]],Table4[id],Table4[name]) -> Monterey | Q10: =_xlfn.XLOOKUP(VALINA[[#This Row],[name]],Trans!A:A,Trans!B:B) -> Monterey
A11: 10 | B11: America | C11: North America | D11: California | E11: mountain | F11: pagan | G11: temperate | H11: takic | I11: wool | J11: Sierra Madre | K11: 4 | L11: 4 | M11: 1 | N11: 0 | O11: =_xlfn.XLOOKUP(VALINA[[#This Row],[id]],prov_color!A:A,prov_color!C:C) -> 40 | P11: =_xlfn.XLOOKUP(VALINA[[#This Row],[id]],Table4[id],Table4[name]) -> Sierra Madre | Q11: =_xlfn.XLOOKUP(VALINA[[#This Row],[name]],Trans!A:A,Trans!B:B) -> Sierra Madre
A12: 11 | B12: America | C12: North America | D12: California | E12: plains | F12: pagan | G12: temperate | H12: takic | I12: grain | J12: San Bernardino | K12: 3 | L12: 5 | M12: 2 | N12: 0 | O12: =_xlfn.XLOOKUP(VALINA[[#This Row],[id]],prov_color!A:A,prov_color!C:C) -> 53 | P12: =_xlfn.XLOOKUP(VALINA[[#This Row],[id]],Table4[id],Table4[name]) -> San Bernardino | Q12: =_xlfn.XLOOKUP(VALINA[[#This Row],[name]],Trans!A:A,Trans!B:B) -> San Bernardino
A13: 12 | B13: America | C13: Central America | D13: Sonora | E13: mountain | F13: pagan | G13: desertic | H13: hokan | I13: fish | J13: Ensenada | K13: 8 | L13: 1 | M13: 1 | N13: 0 | O13: =_xlfn.XLOOKUP(VALINA[[#This Row],[id]],prov_color!A:A,prov_color!C:C) -> 38 | P13: =_xlfn.XLOOKUP(VALINA[[#This Row],[id]],Table4[id],Table4[name]) -> Ensenada | Q13: =_xlfn.XLOOKUP(VALINA[[#This Row],[name]],Trans!A:A,Trans!B:B) -> Ensenada
... A825: 824 | B825: Africa | C825: West Africa | D825: St Helena | E825: mountain | F825: pagan | G825: temperate | H825: tehuelche | I825: fish | J825: St. Helena | K825: 3 | L825: 1 | M825: 1 | N825: 0 | O825: =_xlfn.XLOOKUP(VALINA[[#This Row],[id]],prov_color!A:A,prov_color!C:C) -> 6 | P825: =_xlfn.XLOOKUP(VALINA[[#This Row],[id]],Table4[id],Table4[name]) -> St. Helena | Q825: =_xlfn.XLOOKUP(VALINA[[#This Row],[name]],Trans!A:A,Trans!B:B) -> St. Helena
A826: 825 | B826: America | C826: NWPacificSea | D826: Sea | E826: sea | G826: ncontinental | J826: Bering Straits | N826: 0 | O826: =_xlfn.XLOOKUP(VALINA[[#This Row],[id]],prov_color!A:A,prov_color!C:C) -> 628 | P826: =_xlfn.XLOOKUP(VALINA[[#This Row],[id]],Table4[id],Table4[name]) -> Bering Straits | Q826: =_xlfn.XLOOKUP(VALINA[[#This Row],[name]],Trans!A:A,Trans!B:B) -> Bering Straits
A827: 826 | B827: America | C827: AlaskaSea | D827: Sea | E827: sea | G827: tundra | J827: Aleutian Sea | N827: 0 | O827: =_xlfn.XLOOKUP(VALINA[[#This Row],[id]],prov_color!A:A,prov_color!C:C) -> 419 | P827: =_xlfn.XLOOKUP(VALINA[[#This Row],[id]],Table4[id],Table4[name]) -> Aleutian Sea | Q827: =_xlfn.XLOOKUP(VALINA[[#This Row],[name]],Trans!A:A,Trans!B:B) -> Aleutian Sea
A828: 827 | B828: America | C828: AlaskaSea | D828: Sea | E828: sea | G828: tundra | J828: Aleutian Islands | N828: 0 | O828: =_xlfn.XLOOKUP(VALINA[[#This Row],[id]],prov_color!A:A,prov_color!C:C) -> 190 | P828: =_xlfn.XLOOKUP(VALINA[[#This Row],[id]],Table4[id],Table4[name]) -> Aleutian Islands | Q828: =_xlfn.XLOOKUP(VALINA[[#This Row],[name]],Trans!A:A,Trans!B:B) -> Aleutian Islands
A829: 828 | B829: America | C829: AlaskaSea | D829: Sea | E829: sea | G829: tundra | J829: Gulf of Alaska | N829: 0 | O829: =_xlfn.XLOOKUP(VALINA[[#This Row],[id]],prov_color!A:A,prov_color!C:C) -> 218 | P829: =_xlfn.XLOOKUP(VALINA[[#This Row],[id]],Table4[id],Table4[name]) -> Gulf of Alaska | Q829: =_xlfn.XLOOKUP(VALINA[[#This Row],[name]],Trans!A:A,Trans!B:B) -> Gulf of Alaska
A830: 829 | B830: America | C830: HudsonBaySea | D830: HudsonBayArea | E830: sea | G830: tundra | J830: Hudson Bay | N830: 0 | O830: =_xlfn.XLOOKUP(VALINA[[#This Row],[id]],prov_color!A:A,prov_color!C:C) -> 353 | P830: =_xlfn.XLOOKUP(VALINA[[#This Row],[id]],Table4[id],Table4[name]) -> Hudson Bay | Q830: =_xlfn.XLOOKUP(VALINA[[#This Row],[name]],Trans!A:A,Trans!B:B) -> Hudson Bay
A831: 830 | B831: America | C831: HudsonBaySea | D831: Sea | E831: sea | G831: tundra | J831: Hudson Straits | N831: 0 | O831: =_xlfn.XLOOKUP(VALINA[[#This Row],[id]],prov_color!A:A,prov_color!C:C) -> 242 | P831: =_xlfn.XLOOKUP(VALINA[[#This Row],[id]],Table4[id],Table4[name]) -> Hudson Straits | Q831: =_xlfn.XLOOKUP(VALINA[[#This Row],[name]],Trans!A:A,Trans!B:B) -> Hudson Straits
A832: 831 | B832: America | C832: HudsonBaySea | D832: Sea | E832: sea | G832: tundra | J832: Sea of Baffin | N832: 0 | O832: =_xlfn.XLOOKUP(VALINA[[#This Row],[id]],prov_color!A:A,prov_color!C:C) -> 350 | P832: =_xlfn.XLOOKUP(VALINA[[#This Row],[id]],Table4[id],Table4[name]) -> Sea of Baffin | Q832: =_xlfn.XLOOKUP(VALINA[[#This Row],[name]],Trans!A:A,Trans!B:B) -> Sea of Baffin
A833: 832 | B833: America | C833: HudsonBaySea | D833: Sea | E833: sea | G833: ncontinental | J833: Strait of Labrador | N833: 0 | O833: =_xlfn.XLOOKUP(VALINA[[#This Row],[id]],prov_color!A:A,prov_color!C:C) -> 233 | P833: =_xlfn.XLOOKUP(VALINA[[#This Row],[id]],Table4[id],Table4[name]) -> Strait of Labrador | Q833: =_xlfn.XLOOKUP(VALINA[[#This Row],[name]],Trans!A:A,Trans!B:B) -> Strait of Labrador
A834: 833 | B834: America | C834: HudsonBaySea | D834: Sea | E834: sea | J834: Gulf of Saint Lawrence | N834: 0 | O834: =_xlfn.XLOOKUP(VALINA[[#This Row],[id]],prov_color!A:A,prov_color!C:C) -> 101 | P834: =_xlfn.XLOOKUP(VALINA[[#This Row],[id]],Table4[id],Table4[name]) -> Gulf of Saint Lawrence | Q834: =_xlfn.XLOOKUP(VALINA[[#This Row],[name]],Trans!A:A,Trans!B:B) -> Gulf of Saint Lawrence
A835: 834 | B835: America | C835: HudsonBaySea | D835: Sea | E835: sea | G835: ncontinental | J835: Sea of Labrador | N835: 0 | O835: =_xlfn.XLOOKUP(VALINA[[#This Row],[id]],prov_color!A:A,prov_color!C:C) -> 354 | P835: =_xlfn.XLOOKUP(VALINA[[#This Row],[id]],Table4[id],Table4[name]) -> Sea of Labrador | Q835: =_xlfn.XLOOKUP(VALINA[[#This Row],[name]],Trans!A:A,Trans!B:B) -> Sea of Labrador
A836: 835 | B836: America | C836: ArcticSeaSea | D836: Sea | E836: sea | G836: ncontinental | J836: Coast of Greenland | N836: 0 | O836: =_xlfn.XLOOKUP(VALINA[[#This Row],[id]],prov_color!A:A,prov_color!C:C) -> 607 | P836: =_xlfn.XLOOKUP(VALINA[[#This Row],[id]],Table4[id],Table4[name]) -> Coast of Greenland | Q836: =_xlfn.XLOOKUP(VALINA[[#This Row],[name]],Trans!A:A,Trans!B:B) -> Coast of Greenland
A837: 836 | B837: Europe | C837: ArcticSeaSea | D837: Sea | E837: sea | J837: Coast of Iceland | N837: 0 | O837: =_xlfn.XLOOKUP(VALINA[[#This Row],[id]],prov_color!A:A,prov_color!C:C) -> 428 | P837: =_xlfn.XLOOKUP(VALINA[[#This Row],[id]],Table4[id],Table4[name]) -> Coast of Iceland | Q837: =_xlfn.XLOOKUP(VALINA[[#This Row],[name]],Trans!A:A,Trans!B:B) -> Coast of Iceland
A838: 837 | B838: Europe | C838: ArcticSeaSea | D838: Sea | E838: sea | G838: ncontinental | J838: Icelandic Sea | N838: 0 | O838: =_xlfn.XLOOKUP(VALINA[[#This Row],[id]],prov_color!A:A,prov_color!C:C) -> 389 | P838: =_xlfn.XLOOKUP(VALINA[[#This Row],[id]],Table4[id],Table4[name]) -> Icelandic Sea | Q838: =_xlfn.XLOOKUP(VALINA[[#This Row],[name]],Trans!A:A,Trans!B:B) -> Icelandic Sea
A839: 838 | B839: Europe | C839: ArcticSeaSea | D839: Sea | E839: sea | G839: ncontinental | J839: Jan Mayen Sea | N839: 0 | O839: =_xlfn.XLOOKUP(VALINA[[#This Row],[id]],prov_color!A:A,prov_color!C:C) -> 410 | P839: =_xlfn.XLOOKUP(VALINA[[#This Row],[id]],Table4[id],Table4[name]) -> Jan Mayen Sea | Q839: =_xlfn.XLOOKUP(VALINA[[#This Row],[name]],Trans!A:A,Trans!B:B) -> Jan Mayen Sea
A840: 839 | B840: Europe | C840: ArcticSeaSea | D840: Sea | E840: sea | G840: ncontinental | J840: Spitzberg | N840: 0 | O840: =_xlfn.XLOOKUP(VALINA[[#This Row],[id]],prov_color!A:A,prov_color!C:C) -> 472 | P840: =_xlfn.XLOOKUP(VALINA[[#This Row],[id]],Table4[id],Table4[name]) -> Spitzberg | Q840: =_xlfn.XLOOKUP(VALINA[[#This Row],[name]],Trans!A:A,Trans!B:B) -> Spitzberg
A841: 840 | B841: Europe | C841: ArcticSeaSea | D841: Sea | E841: sea | J841: Throndheim Fjord | N841: 0 | O841: =_xlfn.XLOOKUP(VALINA[[#This Row],[id]],prov_color!A:A,prov_color!C:C) -> 81 | P841: =_xlfn.XLOOKUP(VALINA[[#This Row],[id]],Table4[id],Table4[name]) -> Throndheim Fjord | Q841: =_xlfn.XLOOKUP(VALINA[[#This Row],[name]],Trans!A:A,Trans!B:B) -> Throndheim Fjord
A842: 841 | B842: Europe | C842: ArcticSeaSea | D842: Sea | E842: sea | J842: The Lofotens | N842: 0 | O842: =_xlfn.XLOOKUP(VALINA[[#This Row],[id]],prov_color!A:A,prov_color!C:C) -> 69 | P842: =_xlfn.XLOOKUP(VALINA[[#This Row],[id]],Table4[id],Table4[name]) -> The Lofotens | Q842: =_xlfn.XLOOKUP(VALINA[[#This Row],[name]],Trans!A:A,Trans!B:B) -> The Lofotens
A843: 842 | B843: Europe | C843: ArcticSeaSea | D843: Sea | E843: sea | G843: ncontinental | J843: North Cape | N843: 0 | O843: =_xlfn.XLOOKUP(VALINA[[#This Row],[id]],prov_color!A:A,prov_color!C:C) -> 190 | P843: =_xlfn.XLOOKUP(VALINA[[#This Row],[id]],Table4[id],Table4[name]) -> North Cape | Q843: =_xlfn.XLOOKUP(VALINA[[#This Row],[name]],Trans!A:A,Trans!B:B) -> North Cape
A844: 843 | B844: Europe | C844: ArcticSeaSea | D844: Sea | E844: sea | G844: tundra | J844: White Sea | N844: 0 | O844: =_xlfn.XLOOKUP(VALINA[[#This Row],[id]],prov_color!A:A,prov_color!C:C) -> 402 | P844: =_xlfn.XLOOKUP(VALINA[[#This Row],[id]],Table4[id],Table4[name]) -> White Sea | Q844: =_xlfn.XLOOKUP(VALINA[[#This Row],[name]],Trans!A:A,Trans!B:B) -> White Sea
A845: 844 | B845: Asia | C845: KamtchatkaSea | D845: Sea | E845: sea | G845: ncontinental | J845: Bay of Ajan | N845: 0 | O845: =_xlfn.XLOOKUP(VALINA[[#This Row],[id]],prov_color!A:A,prov_color!C:C) -> 77 | P845: =_xlfn.XLOOKUP(VALINA[[#This Row],[id]],Table4[id],Table4[name]) -> Bay of Ajan | Q845: =_xlfn.XLOOKUP(VALINA[[#This Row],[name]],Trans!A:A,Trans!B:B) -> Bay of Ajan
A846: 845 | B846: Asia | C846: KamtchatkaSea | D846: Sea | E846: sea | G846: ncontinental | J846: Bay of Magadan | N846: 0 | O846: =_xlfn.XLOOKUP(VALINA[[#This Row],[id]],prov_color!A:A,prov_color!C:C) -> 70 | P846: =_xlfn.XLOOKUP(VALINA[[#This Row],[id]],Table4[id],Table4[name]) -> Bay of Magadan | Q846: =_xlfn.XLOOKUP(VALINA[[#This Row],[name]],Trans!A:A,Trans!B:B) -> Bay of Magadan
A847: 846 | B847: Asia | C847: KamtchatkaSea | D847: Sea | E847: sea | G847: ncontinental | J847: Gulf of kolyma | N847: 0 | O847: =_xlfn.XLOOKUP(VALINA[[#This Row],[id]],prov_color!A:A,prov_color!C:C) -> 82 | P847: =_xlfn.XLOOKUP(VALINA[[#This Row],[id]],Table4[id],Table4[name]) -> Gulf of Kolyma | Q847: =_xlfn.XLOOKUP(VALINA[[#This Row],[name]],Trans!A:A,Trans!B:B) -> Gulf of Kolyma
A848: 847 | B848: Asia | C848: KamtchatkaSea | D848: Sea | E848: sea | G848: tundra | J848: Bay of Kamenskoie | N848: 0 | O848: =_xlfn.XLOOKUP(VALINA[[#This Row],[id]],prov_color!A:A,prov_color!C:C) -> 118 | P848: =_xlfn.XLOOKUP(VALINA[[#This Row],[id]],Table4[id],Table4[name]) -> Bay of Kamenskoie | Q848: =_xlfn.XLOOKUP(VALINA[[#This Row],[name]],Trans!A:A,Trans!B:B) -> Bay of Kamenskoie
A849: 848 | B849: Asia | C849: KamtchatkaSea | D849: Sea | E849: sea | G849: ncontinental | J849: Coast of Kamchatska | N849: 0 | O849: =_xlfn.XLOOKUP(VALINA[[#This Row],[id]],prov_color!A:A,prov_color!C:C) -> 159 | P849: =_xlfn.XLOOKUP(VALINA[[#This Row],[id]],Table4[id],Table4[name]) -> Coast of Kamchatska | Q849: =_xlfn.XLOOKUP(VALINA[[#This Row],[name]],Trans!A:A,Trans!B:B) -> Coast of Kamchatska
A850: 849 | B850: Asia | C850: KamtchatkaSea | D850: Sea | E850: sea | J850: Cape of Kamchatska | N850: 0 | O850: =_xlfn.XLOOKUP(VALINA[[#This Row],[id]],prov_color!A:A,prov_color!C:C) -> 136 | P850: =_xlfn.XLOOKUP(VALINA[[#This Row],[id]],Table4[id],Table4[name]) -> Cape of Kamchatska | Q850: =_xlfn.XLOOKUP(VALINA[[#This Row],[name]],Trans!A:A,Trans!B:B) -> Cape of Kamchatska
A851: 850 | B851: Asia | C851: KamtchatkaSea | D851: Sea | E851: sea | J851: Komandorski Islands | N851: 0 | O851: =_xlfn.XLOOKUP(VALINA[[#This Row],[id]],prov_color!A:A,prov_color!C:C) -> 130 | P851: =_xlfn.XLOOKUP(VALINA[[#This Row],[id]],Table4[id],Table4[name]) -> Komandorski Islands | Q851: =_xlfn.XLOOKUP(VALINA[[#This Row],[name]],Trans!A:A,Trans!B:B) -> Komandorski Islands
A852: 851 | B852: Asia | C852: KamtchatkaSea | D852: Sea | E852: sea | G852: ncontinental | J852: Bay of Uka | N852: 0 | O852: =_xlfn.XLOOKUP(VALINA[[#This Row],[id]],prov_color!A:A,prov_color!C:C) -> 123 | P852: =_xlfn.XLOOKUP(VALINA[[#This Row],[id]],Table4[id],Table4[name]) -> Bay of Uka | Q852: =_xlfn.XLOOKUP(VALINA[[#This Row],[name]],Trans!A:A,Trans!B:B) -> Bay of Uka
A853: 852 | B853: Asia | C853: KamtchatkaSea | D853: Sea | E853: sea | G853: tundra | J853: Bay of Oljut | N853: 0 | O853: =_xlfn.XLOOKUP(VALINA[[#This Row],[id]],prov_color!A:A,prov_color!C:C) -> 120 | P853: =_xlfn.XLOOKUP(VALINA[[#This Row],[id]],Table4[id],Table4[name]) -> Bay of Oljut | Q853: =_xlfn.XLOOKUP(VALINA[[#This Row],[name]],Trans!A:A,Trans!B:B) -> Bay of Oljut
A854: 853 | B854: Asia | C854: NWPacificSea | D854: Sea | E854: sea | G854: tundra | J854: Bay of Anadyr | N854: 0 | O854: =_xlfn.XLOOKUP(VALINA[[#This Row],[id]],prov_color!A:A,prov_color!C:C) -> 177 | P854: =_xlfn.XLOOKUP(VALINA[[#This Row],[id]],Table4[id],Table4[name]) -> Bay of Anadyr | Q854: =_xlfn.XLOOKUP(VALINA[[#This Row],[name]],Trans!A:A,Trans!B:B) -> Bay of Anadyr
A855: 854 | B855: Asia | C855: NWPacificSea | D855: Sea | E855: sea | G855: tundra | J855: Western Aleutian Sea | N855: 0 | O855: =_xlfn.XLOOKUP(VALINA[[#This Row],[id]],prov_color!A:A,prov_color!C:C) -> 656 | P855: =_xlfn.XLOOKUP(VALINA[[#This Row],[id]],Table4[id],Table4[name]) -> Western Aleutian Sea | Q855: =_xlfn.XLOOKUP(VALINA[[#This Row],[name]],Trans!A:A,Trans!B:B) -> Western Aleutian Sea
A856: 855 | B856: Asia | C856: NWPacificSea | D856: Sea | E856: sea | G856: tundra | J856: Central Aleutian Sea | N856: 0 | O856: =_xlfn.XLOOKUP(VALINA[[#This Row],[id]],prov_color!A:A,prov_color!C:C) -> 467 | P856: =_xlfn.XLOOKUP(VALINA[[#This Row],[id]],Table4[id],Table4[name]) -> Central Aleutian Sea | Q856: =_xlfn.XLOOKUP(VALINA[[#This Row],[name]],Trans!A:A,Trans!B:B) -> Central Aleutian Sea
A857: 856 | B857: America | C857: NWPacificSea | D857: Sea | E857: sea | J857: South Aleutian Sea | N857: 0 | O857: =_xlfn.XLOOKUP(VALINA[[#This Row],[id]],prov_color!A:A,prov_color!C:C) -> 559 | P857: =_xlfn.XLOOKUP(VALINA[[#This Row],[id]],Table4[id],Table4[name]) -> South Aleutian Sea | Q857: =_xlfn.XLOOKUP(VALINA[[#This Row],[name]],Trans!A:A,Trans!B:B) -> South Aleutian Sea
A858: 857 | B858: America | C858: AlaskaSea | D858: Sea | E858: sea | J858: Northwestern Pacific Ocean | N858: 0 | O858: =_xlfn.XLOOKUP(VALINA[[#This Row],[id]],prov_color!A:A,prov_color!C:C) -> 613 | P858: =_xlfn.XLOOKUP(VALINA[[#This Row],[id]],Table4[id],Table4[name]) -> Northwestern Pacific Ocean | Q858: =_xlfn.XLOOKUP(VALINA[[#This Row],[name]],Trans!A:A,Trans!B:B) -> Northwestern Pacific Ocean
A859: 858 | B859: America | C859: AlaskaSea | D859: Sea | E859: sea | G859: ncontinental | J859: Northern Pacific Ocean | N859: 0 | O859: =_xlfn.XLOOKUP(VALINA[[#This Row],[id]],prov_color!A:A,prov_color!C:C) -> 533 | P859: =_xlfn.XLOOKUP(VALINA[[#This Row],[id]],Table4[id],Table4[name]) -> Northern Pacific Ocean | Q859: =_xlfn.XLOOKUP(VALINA[[#This Row],[name]],Trans!A:A,Trans!B:B) -> Northern Pacific Ocean
A860: 859 | B860: America | C860: AlaskaSea | D860: Sea | E860: sea | J860: Northwestern Pacific Ocean | N860: 0 | O860: =_xlfn.XLOOKUP(VALINA[[#This Row],[id]],prov_color!A:A,prov_color!C:C) -> 574 | P860: =_xlfn.XLOOKUP(VALINA[[#This Row],[id]],Table4[id],Table4[name]) -> Northwestern Pacific Ocean | Q860: =_xlfn.XLOOKUP(VALINA[[#This Row],[name]],Trans!A:A,Trans!B:B) -> Northwestern Pacific Ocean
A861: 860 | B861: America | C861: AlaskaSea | D861: Sea | E861: sea | J861: Coast of Oregon | N861: 0 | O861: =_xlfn.XLOOKUP(VALINA[[#This Row],[id]],prov_color!A:A,prov_color!C:C) -> 253 | P861: =_xlfn.XLOOKUP(VALINA[[#This Row],[id]],Table4[id],Table4[name]) -> Coast of Oregon | Q861: =_xlfn.XLOOKUP(VALINA[[#This Row],[name]],Trans!A:A,Trans!B:B) -> Coast of Oregon
A862: 861 | B862: America | C862: AlaskaSea | D862: Sea | E862: sea | J862: Coast of Columbia | N862: 0 | O862: =_xlfn.XLOOKUP(VALINA[[#This Row],[id]],prov_color!A:A,prov_color!C:C) -> 256 | P862: =_xlfn.XLOOKUP(VALINA[[#This Row],[id]],Table4[id],Table4[name]) -> Coast of Columbia | Q862: =_xlfn.XLOOKUP(VALINA[[#This Row],[name]],Trans!A:A,Trans!B:B) -> Coast of Columbia
A863: 862 | B863: America | C863: ENACoastSea | D863: Sea | E863: sea | J863: Cheasapeake Bay | N863: 0 | O863: =_xlfn.XLOOKUP(VALINA[[#This Row],[id]],prov_color!A:A,prov_color!C:C) -> 109 | P863: =_xlfn.XLOOKUP(VALINA[[#This Row],[id]],Table4[id],Table4[name]) -> Cheasapeake Bay | Q863: =_xlfn.XLOOKUP(VALINA[[#This Row],[name]],Trans!A:A,Trans!B:B) -> Chesapeake Bay
A864: 863 | B864: America | C864: ENACoastSea | D864: Sea | E864: sea | J864: Massachussetts Bay | N864: 0 | O864: =_xlfn.XLOOKUP(VALINA[[#This Row],[id]],prov_color!A:A,prov_color!C:C) -> 113 | P864: =_xlfn.XLOOKUP(VALINA[[#This Row],[id]],Table4[id],Table4[name]) -> Massachussetts Bay | Q864: =_xlfn.XLOOKUP(VALINA[[#This Row],[name]],Trans!A:A,Trans!B:B) -> Massachussetts Bay
A865: 864 | B865: America | C865: HudsonBaySea | D865: Sea | E865: sea | J865: Bay of Fundy | N865: 0 | O865: =_xlfn.XLOOKUP(VALINA[[#This Row],[id]],prov_color!A:A,prov_color!C:C) -> 211 | P865: =_xlfn.XLOOKUP(VALINA[[#This Row],[id]],Table4[id],Table4[name]) -> Bay of Fundy | Q865: =_xlfn.XLOOKUP(VALINA[[#This Row],[name]],Trans!A:A,Trans!B:B) -> Bay of Fundy
A866: 865 | B866: America | C866: HudsonBaySea | D866: Sea | E866: sea | J866: Newfoundland Banks | N866: 0 | O866: =_xlfn.XLOOKUP(VALINA[[#This Row],[id]],prov_color!A:A,prov_color!C:C) -> 172 | P866: =_xlfn.XLOOKUP(VALINA[[#This Row],[id]],Table4[id],Table4[name]) -> Newfoundland Banks | Q866: =_xlfn.XLOOKUP(VALINA[[#This Row],[name]],Trans!A:A,Trans!B:B) -> Newfoundland Banks
A867: 866 | B867: America | C867: NAtlanticSea | D867: Sea | E867: sea | J867: Greenland Sea | N867: 0 | O867: =_xlfn.XLOOKUP(VALINA[[#This Row],[id]],prov_color!A:A,prov_color!C:C) -> 576 | P867: =_xlfn.XLOOKUP(VALINA[[#This Row],[id]],Table4[id],Table4[name]) -> Greenland Sea | Q867: =_xlfn.XLOOKUP(VALINA[[#This Row],[name]],Trans!A:A,Trans!B:B) -> Greenland Sea
A868: 867 | B868: Europe | C868: NAtlanticSea | D868: Sea | E868: sea | J868: Western Icelandic Sea | N868: 0 | O868: =_xlfn.XLOOKUP(VALINA[[#This Row],[id]],prov_color!A:A,prov_color!C:C) -> 658 | P868: =_xlfn.XLOOKUP(VALINA[[#This Row],[id]],Table4[id],Table4[name]) -> Western Icelandic Sea | Q868: =_xlfn.XLOOKUP(VALINA[[#This Row],[name]],Trans!A:A,Trans!B:B) -> Western Icelandic Sea
A869: 868 | B869: Europe | C869: NAtlanticSea | D869: Sea | E869: sea | J869: South Icelandic Sea | N869: 0 | O869: =_xlfn.XLOOKUP(VALINA[[#This Row],[id]],prov_color!A:A,prov_color!C:C) -> 317 | P869: =_xlfn.XLOOKUP(VALINA[[#This Row],[id]],Table4[id],Table4[name]) -> South Icelandic Sea | Q869: =_xlfn.XLOOKUP(VALINA[[#This Row],[name]],Trans!A:A,Trans!B:B) -> South Icelandic Sea
A870: 869 | B870: Europe | C870: NorthSeaSea | D870: Sea | E870: sea | J870: Faeroes | N870: 0 | O870: =_xlfn.XLOOKUP(VALINA[[#This Row],[id]],prov_color!A:A,prov_color!C:C) -> 219 | P870: =_xlfn.XLOOKUP(VALINA[[#This Row],[id]],Table4[id],Table4[name]) -> Faeroes | Q870: =_xlfn.XLOOKUP(VALINA[[#This Row],[name]],Trans!A:A,Trans!B:B) -> Faeroes
A871: 870 | B871: Europe | C871: NorthSeaSea | D871: Sea | E871: sea | J871: Shetland Straits | N871: 0 | O871: =_xlfn.XLOOKUP(VALINA[[#This Row],[id]],prov_color!A:A,prov_color!C:C) -> 111 | P871: =_xlfn.XLOOKUP(VALINA[[#This Row],[id]],Table4[id],Table4[name]) -> Shetland Straits | Q871: =_xlfn.XLOOKUP(VALINA[[#This Row],[name]],Trans!A:A,Trans!B:B) -> Shetland Straits
... A879: 878 | B879: Europe | C879: ScandinaviaSea | D879: Sea | E879: sea | J879: Gulf of Riga | N879: 0 | O879: =_xlfn.XLOOKUP(VALINA[[#This Row],[id]],prov_color!A:A,prov_color!C:C) -> 49 | P879: =_xlfn.XLOOKUP(VALINA[[#This Row],[id]],Table4[id],Table4[name]) -> Gulf of Riga | Q879: =_xlfn.XLOOKUP(VALINA[[#This Row],[name]],Trans!A:A,Trans!B:B) -> Gulf of Riga
A880: 879 | B880: Europe | C880: ScandinaviaSea | D880: Sea | E880: sea | G880: tundra | J880: Gulf of Finland | N880: 0 | O880: =_xlfn.XLOOKUP(VALINA[[#This Row],[id]],prov_color!A:A,prov_color!C:C) -> 19 | P880: =_xlfn.XLOOKUP(VALINA[[#This Row],[id]],Table4[id],Table4[name]) -> Gulf of Finland | Q880: =_xlfn.XLOOKUP(VALINA[[#This Row],[name]],Trans!A:A,Trans!B:B) -> Gulf of Finland
A881: 880 | B881: Europe | C881: ScandinaviaSea | D881: Sea | E881: sea | G881: tundra | J881: �land Sea | N881: 0 | O881: =_xlfn.XLOOKUP(VALINA[[#This Row],[id]],prov_color!A:A,prov_color!C:C) -> 56 | P881: =_xlfn.XLOOKUP(VALINA[[#This Row],[id]],Table4[id],Table4[name]) -> �land Sea | Q881: =_xlfn.XLOOKUP(VALINA[[#This Row],[name]],Trans!A:A,Trans!B:B) -> �land Sea
A882: 881 | B882: Europe | C882: ScandinaviaSea | D882: Sea | E882: sea | G882: tundra | J882: Gulf of Turku | N882: 0 | O882: =_xlfn.XLOOKUP(VALINA[[#This Row],[id]],prov_color!A:A,prov_color!C:C) -> 35 | P882: =_xlfn.XLOOKUP(VALINA[[#This Row],[id]],Table4[id],Table4[name]) -> Gulf of Turku | Q882: =_xlfn.XLOOKUP(VALINA[[#This Row],[name]],Trans!A:A,Trans!B:B) -> Gulf of Turku
A883: 882 | B883: Europe | C883: ScandinaviaSea | D883: Sea | E883: sea | G883: tundra | J883: Gulf of Bothnia | N883: 0 | O883: =_xlfn.XLOOKUP(VALINA[[#This Row],[id]],prov_color!A:A,prov_color!C:C) -> 31 | P883: =_xlfn.XLOOKUP(VALINA[[#This Row],[id]],Table4[id],Table4[name]) -> Gulf of Bothnia | Q883: =_xlfn.XLOOKUP(VALINA[[#This Row],[name]],Trans!A:A,Trans!B:B) -> Gulf of Bothnia
A884: 883 | B884: Asia | C884: KamtchatkaSea | D884: Sea | E884: sea | G884: ncontinental | J884: Amur Delta | N884: 0 | O884: =_xlfn.XLOOKUP(VALINA[[#This Row],[id]],prov_color!A:A,prov_color!C:C) -> 101 | P884: =_xlfn.XLOOKUP(VALINA[[#This Row],[id]],Table4[id],Table4[name]) -> Amur Delta | Q884: =_xlfn.XLOOKUP(VALINA[[#This Row],[name]],Trans!A:A,Trans!B:B) -> Amur Delta
A885: 884 | B885: Asia | C885: KamtchatkaSea | D885: Sea | E885: sea | G885: ncontinental | J885: Okhotsk Sea | N885: 0 | O885: =_xlfn.XLOOKUP(VALINA[[#This Row],[id]],prov_color!A:A,prov_color!C:C) -> 93 | P885: =_xlfn.XLOOKUP(VALINA[[#This Row],[id]],Table4[id],Table4[name]) -> Okhotsk Sea | Q885: =_xlfn.XLOOKUP(VALINA[[#This Row],[name]],Trans!A:A,Trans!B:B) -> Okhotsk Sea
A886: 885 | B886: Asia | C886: JapanSea | D886: Sea | E886: sea | J886: Coast of Sakhalin | N886: 0 | O886: =_xlfn.XLOOKUP(VALINA[[#This Row],[id]],prov_color!A:A,prov_color!C:C) -> 223 | P886: =_xlfn.XLOOKUP(VALINA[[#This Row],[id]],Table4[id],Table4[name]) -> Coast of Sakhalin | Q886: =_xlfn.XLOOKUP(VALINA[[#This Row],[name]],Trans!A:A,Trans!B:B) -> Coast of Sakhalin
A887: 886 | B887: Asia | C887: JapanSea | D887: Sea | E887: sea | J887: Tatar Straits | N887: 0 | O887: =_xlfn.XLOOKUP(VALINA[[#This Row],[id]],prov_color!A:A,prov_color!C:C) -> 121 | P887: =_xlfn.XLOOKUP(VALINA[[#This Row],[id]],Table4[id],Table4[name]) -> Tatar Straits | Q887: =_xlfn.XLOOKUP(VALINA[[#This Row],[name]],Trans!A:A,Trans!B:B) -> Tatar Straits
A888: 887 | B888: Asia | C888: JapanSea | D888: Sea | E888: sea | J888: Soya Strait | N888: 0 | O888: =_xlfn.XLOOKUP(VALINA[[#This Row],[id]],prov_color!A:A,prov_color!C:C) -> 144 | P888: =_xlfn.XLOOKUP(VALINA[[#This Row],[id]],Table4[id],Table4[name]) -> Soya Strait | Q888: =_xlfn.XLOOKUP(VALINA[[#This Row],[name]],Trans!A:A,Trans!B:B) -> Soya Strait
A889: 888 | B889: Asia | C889: JapanSea | D889: Sea | E889: sea | J889: The Kuriles | N889: 0 | O889: =_xlfn.XLOOKUP(VALINA[[#This Row],[id]],prov_color!A:A,prov_color!C:C) -> 408 | P889: =_xlfn.XLOOKUP(VALINA[[#This Row],[id]],Table4[id],Table4[name]) -> The Kuriles | Q889: =_xlfn.XLOOKUP(VALINA[[#This Row],[name]],Trans!A:A,Trans!B:B) -> The Kuriles
A890: 889 | B890: Asia | C890: NWPacificSea | D890: Sea | E890: sea | J890: Northern Pacific Ocean | N890: 0 | O890: =_xlfn.XLOOKUP(VALINA[[#This Row],[id]],prov_color!A:A,prov_color!C:C) -> 439 | P890: =_xlfn.XLOOKUP(VALINA[[#This Row],[id]],Table4[id],Table4[name]) -> Northern Pacific Ocean | Q890: =_xlfn.XLOOKUP(VALINA[[#This Row],[name]],Trans!A:A,Trans!B:B) -> Northern Pacific Ocean
A891: 890 | B891: Asia | C891: NWPacificSea | D891: Sea | E891: sea | J891: Northern Pacific Ocean | N891: 0 | O891: =_xlfn.XLOOKUP(VALINA[[#This Row],[id]],prov_color!A:A,prov_color!C:C) -> 271 | P891: =_xlfn.XLOOKUP(VALINA[[#This Row],[id]],Table4[id],Table4[name]) -> Northern Pacific Ocean | Q891: =_xlfn.XLOOKUP(VALINA[[#This Row],[name]],Trans!A:A,Trans!B:B) -> Northern Pacific Ocean
A892: 891 | B892: Asia | C892: NWPacificSea | D892: Sea | E892: sea | J892: Northern Pacific Ocean | N892: 0 | O892: =_xlfn.XLOOKUP(VALINA[[#This Row],[id]],prov_color!A:A,prov_color!C:C) -> 296 | P892: =_xlfn.XLOOKUP(VALINA[[#This Row],[id]],Table4[id],Table4[name]) -> Northern Pacific Ocean | Q892: =_xlfn.XLOOKUP(VALINA[[#This Row],[name]],Trans!A:A,Trans!B:B) -> Northern Pacific Ocean
A893: 892 | B893: Asia | C893: NWPacificSea | D893: Sea | E893: sea | J893: Northern Pacific Ocean | N893: 0 | O893: =_xlfn.XLOOKUP(VALINA[[#This Row],[id]],prov_color!A:A,prov_color!C:C) -> 658 | P893: =_xlfn.XLOOKUP(VALINA[[#This Row],[id]],Table4[id],Table4[name]) -> Northern Pacific Ocean | Q893: =_xlfn.XLOOKUP(VALINA[[#This Row],[name]],Trans!A:A,Trans!B:B) -> Northern Pacific Ocean
A894: 893 | B894: Asia | C894: NWPacificSea | D894: Sea | E894: sea | J894: Northern Pacific Ocean | N894: 0 | O894: =_xlfn.XLOOKUP(VALINA[[#This Row],[id]],prov_color!A:A,prov_color!C:C) -> 668 | P894: =_xlfn.XLOOKUP(VALINA[[#This Row],[id]],Table4[id],Table4[name]) -> Northern Pacific Ocean | Q894: =_xlfn.XLOOKUP(VALINA[[#This Row],[name]],Trans!A:A,Trans!B:B) -> Northern Pacific Ocean
A895: 894 | B895: America | C895: AlaskaSea | D895: Sea | E895: sea | J895: Northern Pacific Ocean | N895: 0 | O895: =_xlfn.XLOOKUP(VALINA[[#This Row],[id]],prov_color!A:A,prov_color!C:C) -> 339 | P895: =_xlfn.XLOOKUP(VALINA[[#This Row],[id]],Table4[id],Table4[name]) -> Northern Pacific Ocean | Q895: =_xlfn.XLOOKUP(VALINA[[#This Row],[name]],Trans!A:A,Trans!B:B) -> Northern Pacific Ocean
A896: 895 | B896: America | C896: AlaskaSea | D896: Sea | E896: sea | J896: Northern Pacific Ocean | N896: 0 | O896: =_xlfn.XLOOKUP(VALINA[[#This Row],[id]],prov_color!A:A,prov_color!C:C) -> 552 | P896: =_xlfn.XLOOKUP(VALINA[[#This Row],[id]],Table4[id],Table4[name]) -> Northern Pacific Ocean | Q896: =_xlfn.XLOOKUP(VALINA[[#This Row],[name]],Trans!A:A,Trans!B:B) -> Northern Pacific Ocean
A897: 896 | B897: America | C897: AlaskaSea | D897: Sea | E897: sea | J897: Northern Pacific Ocean | N897: 0 | O897: =_xlfn.XLOOKUP(VALINA[[#This Row],[id]],prov_color!A:A,prov_color!C:C) -> 605 | P897: =_xlfn.XLOOKUP(VALINA[[#This Row],[id]],Table4[id],Table4[name]) -> Northern Pacific Ocean | Q897: =_xlfn.XLOOKUP(VALINA[[#This Row],[name]],Trans!A:A,Trans!B:B) -> Northern Pacific Ocean
... A1361: 1360 | B1361: Africa | C1361: SWIndianSea | D1361: Sea | E1361: sea | J1361: Coast of Transkei | N1361: 0 | O1361: =_xlfn.XLOOKUP(VALINA[[#This Row],[id]],prov_color!A:A,prov_color!C:C) -> 137 | P1361: =_xlfn.XLOOKUP(VALINA[[#This Row],[id]],Table4[id],Table4[name]) -> Coast of Transkei | Q1361: =_xlfn.XLOOKUP(VALINA[[#This Row],[name]],Trans!A:A,Trans!B:B) -> Coast of Transkei
A1362: 1361 | B1362: Europe | C1362: Lake | D1362: Lake | E1362: river | J1362: Lake Ladoga | O1362: =_xlfn.XLOOKUP(VALINA[[#This Row],[id]],prov_color!A:A,prov_color!C:C) -> 16 | P1362: =_xlfn.XLOOKUP(VALINA[[#This Row],[id]],Table4[id],Table4[name]) -> Lake Ladoga | Q1362: =_xlfn.XLOOKUP(VALINA[[#This Row],[name]],Trans!A:A,Trans!B:B) -> Lake Ladoga
A1363: 1362 | B1363: Europe | C1363: ScandinaviaSea | D1363: Sea | E1363: sea | J1363: The Skagerack | N1363: 0 | O1363: =_xlfn.XLOOKUP(VALINA[[#This Row],[id]],prov_color!A:A,prov_color!C:C) -> 30 | P1363: =_xlfn.XLOOKUP(VALINA[[#This Row],[id]],Table4[id],Table4[name]) -> The Skagerack | Q1363: =_xlfn.XLOOKUP(VALINA[[#This Row],[name]],Trans!A:A,Trans!B:B) -> The Skagerack
A1364: 1363 | B1364: Asia | C1364: GulfSea | D1364: Sea | E1364: sea | J1364: Persian Gulf | N1364: 0 | O1364: =_xlfn.XLOOKUP(VALINA[[#This Row],[id]],prov_color!A:A,prov_color!C:C) -> 58 | P1364: =_xlfn.XLOOKUP(VALINA[[#This Row],[id]],Table4[id],Table4[name]) -> Persian Gulf | Q1364: =_xlfn.XLOOKUP(VALINA[[#This Row],[name]],Trans!A:A,Trans!B:B) -> Persian Gulf
A1365: 1364 | B1365: America | C1365: SEPacificSea | D1365: Sea | E1365: sea | J1365: Atacama Coast | N1365: 0 | O1365: =_xlfn.XLOOKUP(VALINA[[#This Row],[id]],prov_color!A:A,prov_color!C:C) -> 163 | P1365: =_xlfn.XLOOKUP(VALINA[[#This Row],[id]],Table4[id],Table4[name]) -> Atacama Coast | Q1365: =_xlfn.XLOOKUP(VALINA[[#This Row],[name]],Trans!A:A,Trans!B:B) -> Atacama Coast
A1366: 1365 | B1366: Africa | C1366: SEAtlanticSea | D1366: Sea | E1366: sea | J1366: Ivory Coast | N1366: 0 | O1366: =_xlfn.XLOOKUP(VALINA[[#This Row],[id]],prov_color!A:A,prov_color!C:C) -> 125 | P1366: =_xlfn.XLOOKUP(VALINA[[#This Row],[id]],Table4[id],Table4[name]) -> Ivory Coast | Q1366: =_xlfn.XLOOKUP(VALINA[[#This Row],[name]],Trans!A:A,Trans!B:B) -> Ivory Coast
A1367: 1366 | B1367: Africa | C1367: SEAtlanticSea | D1367: Sea | E1367: sea | J1367: Southern Atlantic Ocean | N1367: 0 | O1367: =_xlfn.XLOOKUP(VALINA[[#This Row],[id]],prov_color!A:A,prov_color!C:C) -> 347 | P1367: =_xlfn.XLOOKUP(VALINA[[#This Row],[id]],Table4[id],Table4[name]) -> Southern Atlantic Ocean | Q1367: =_xlfn.XLOOKUP(VALINA[[#This Row],[name]],Trans!A:A,Trans!B:B) -> Southern Atlantic Ocean
A1368: 1367 | B1368: America | C1368: SWAtlanticSea | D1368: Sea | E1368: sea | J1368: Southern Atlantic Ocean | N1368: 0 | O1368: =_xlfn.XLOOKUP(VALINA[[#This Row],[id]],prov_color!A:A,prov_color!C:C) -> 374 | P1368: =_xlfn.XLOOKUP(VALINA[[#This Row],[id]],Table4[id],Table4[name]) -> Southern Atlantic Ocean | Q1368: =_xlfn.XLOOKUP(VALINA[[#This Row],[name]],Trans!A:A,Trans!B:B) -> Southern Atlantic Ocean
A1369: 1368 | B1369: Africa | C1369: NCAtlanticSea | D1369: Sea | E1369: sea | J1369: Central Atlantic Ocean | N1369: 0 | O1369: =_xlfn.XLOOKUP(VALINA[[#This Row],[id]],prov_color!A:A,prov_color!C:C) -> 274 | P1369: =_xlfn.XLOOKUP(VALINA[[#This Row],[id]],Table4[id],Table4[name]) -> Central Atlantic Ocean | Q1369: =_xlfn.XLOOKUP(VALINA[[#This Row],[name]],Trans!A:A,Trans!B:B) -> Central Atlantic Ocean
A1370: 1369 | B1370: America | C1370: Lake | D1370: Lake | E1370: sea | J1370: Lake Ontario | N1370: 0 | O1370: =_xlfn.XLOOKUP(VALINA[[#This Row],[id]],prov_color!A:A,prov_color!C:C) -> 17 | P1370: =_xlfn.XLOOKUP(VALINA[[#This Row],[id]],Table4[id],Table4[name]) -> Lake Ontario | Q1370: =_xlfn.XLOOKUP(VALINA[[#This Row],[name]],Trans!A:A,Trans!B:B) -> Lake Ontario
A1371: 1370 | B1371: America | C1371: Lake | D1371: Lake | E1371: sea | J1371: Lake Erie | N1371: 0 | O1371: =_xlfn.XLOOKUP(VALINA[[#This Row],[id]],prov_color!A:A,prov_color!C:C) -> 20 | P1371: =_xlfn.XLOOKUP(VALINA[[#This Row],[id]],Table4[id],Table4[name]) -> Lake Erie | Q1371: =_xlfn.XLOOKUP(VALINA[[#This Row],[name]],Trans!A:A,Trans!B:B) -> Lake Erie
A1372: 1371 | B1372: America | C1372: Lake | D1372: Lake | E1372: sea | J1372: Lake Michigan | N1372: 0 | O1372: =_xlfn.XLOOKUP(VALINA[[#This Row],[id]],prov_color!A:A,prov_color!C:C) -> 54 | P1372: =_xlfn.XLOOKUP(VALINA[[#This Row],[id]],Table4[id],Table4[name]) -> Lake Michigan | Q1372: =_xlfn.XLOOKUP(VALINA[[#This Row],[name]],Trans!A:A,Trans!B:B) -> Lakes Michigan & Huron
A1373: 1372 | B1373: America | C1373: Lake | D1373: Lake | E1373: sea | J1373: Lake Superior | N1373: 0 | O1373: =_xlfn.XLOOKUP(VALINA[[#This Row],[id]],prov_color!A:A,prov_color!C:C) -> 71 | P1373: =_xlfn.XLOOKUP(VALINA[[#This Row],[id]],Table4[id],Table4[name]) -> Lake Superior | Q1373: =_xlfn.XLOOKUP(VALINA[[#This Row],[name]],Trans!A:A,Trans!B:B) -> Lake Superior
A1374: 1373 | B1374: America | C1374: CaribbeanSea | D1374: Sea | E1374: sea | J1374: Tampa Bay | N1374: 0 | O1374: =_xlfn.XLOOKUP(VALINA[[#This Row],[id]],prov_color!A:A,prov_color!C:C) -> 78 | P1374: =_xlfn.XLOOKUP(VALINA[[#This Row],[id]],Table4[id],Table4[name]) -> Tampa Bay | Q1374: =_xlfn.XLOOKUP(VALINA[[#This Row],[name]],Trans!A:A,Trans!B:B) -> Tampa Bay
... A1379: 1378 | B1379: America | C1379: CaribbeanSea | D1379: Sea | E1379: sea | J1379: Lesser Antillas | N1379: 0 | O1379: =_xlfn.XLOOKUP(VALINA[[#This Row],[id]],prov_color!A:A,prov_color!C:C) -> 59 | P1379: =_xlfn.XLOOKUP(VALINA[[#This Row],[id]],Table4[id],Table4[name]) -> Lesser Antillas | Q1379: =_xlfn.XLOOKUP(VALINA[[#This Row],[name]],Trans!A:A,Trans!B:B) -> Lesser Antilles
A1380: 1379 | E1380: river | J1380: Columbia River | O1380: =_xlfn.XLOOKUP(VALINA[[#This Row],[id]],prov_color!A:A,prov_color!C:C) -> 0 | P1380: =_xlfn.XLOOKUP(VALINA[[#This Row],[id]],Table4[id],Table4[name]) -> #N/A | Q1380: =_xlfn.XLOOKUP(VALINA[[#This Row],[name]],Trans!A:A,Trans!B:B) -> Columbia River
A1381: 1380 | E1381: river | J1381: Sacramento River | O1381: =_xlfn.XLOOKUP(VALINA[[#This Row],[id]],prov_color!A:A,prov_color!C:C) -> 0 | P1381: =_xlfn.XLOOKUP(VALINA[[#This Row],[id]],Table4[id],Table4[name]) -> #N/A | Q1381: =_xlfn.XLOOKUP(VALINA[[#This Row],[name]],Trans!A:A,Trans!B:B) -> Sacramento River
A1382: 1381 | E1382: river | J1382: Colorado River | O1382: =_xlfn.XLOOKUP(VALINA[[#This Row],[id]],prov_color!A:A,prov_color!C:C) -> 0 | P1382: =_xlfn.XLOOKUP(VALINA[[#This Row],[id]],Table4[id],Table4[name]) -> #N/A | Q1382: =_xlfn.XLOOKUP(VALINA[[#This Row],[name]],Trans!A:A,Trans!B:B) -> Colorado River
A1383: 1382 | E1383: river | J1383: Rio Grande River | O1383: =_xlfn.XLOOKUP(VALINA[[#This Row],[id]],prov_color!A:A,prov_color!C:C) -> 0 | P1383: =_xlfn.XLOOKUP(VALINA[[#This Row],[id]],Table4[id],Table4[name]) -> #N/A | Q1383: =_xlfn.XLOOKUP(VALINA[[#This Row],[name]],Trans!A:A,Trans!B:B) -> Rio Grande River
A1384: 1383 | E1384: river | J1384: Matagorda River | O1384: =_xlfn.XLOOKUP(VALINA[[#This Row],[id]],prov_color!A:A,prov_color!C:C) -> 0 | P1384: =_xlfn.XLOOKUP(VALINA[[#This Row],[id]],Table4[id],Table4[name]) -> #N/A | Q1384: =_xlfn.XLOOKUP(VALINA[[#This Row],[name]],Trans!A:A,Trans!B:B) -> Matagorda River
A1385: 1384 | E1385: river | J1385: Murray River | O1385: =_xlfn.XLOOKUP(VALINA[[#This Row],[id]],prov_color!A:A,prov_color!C:C) -> 0 | P1385: =_xlfn.XLOOKUP(VALINA[[#This Row],[id]],Table4[id],Table4[name]) -> #N/A | Q1385: =_xlfn.XLOOKUP(VALINA[[#This Row],[name]],Trans!A:A,Trans!B:B) -> Murray River
...

Sheet Trans
A1: #Provinces | B1: x
A2: Acadie | B2: Acadie | C2: x
A3: Acapulco Bay | B3: Acapulco Bay | C3: x
A4: Accra | B4: Accra | C4: x
A5: Adana | B5: Adana | C5: x
A6: Aden | B6: Aden | C6: x
A7: Adirondak | B7: Adirondak | C7: x
A8: Adriatic Sea | B8: Adriatic Sea | C8: x
A9: Aegean Sea | B9: Aegean Sea | C9: x
A10: Afars | B10: Afars | C10: x
A11: Ahwaz | B11: Awhaz | C11: x
A12: Aires | B12: Aires | C12: x
A13: Aisen | B13: Aisen | C13: x
... A1455: Zimbabwe | B1455: Zimbabwe | C1455: x
A1456: # | B1456: x
A1457: Terra Incognita | B1457: Terra Incognita | C1457: x
A1458: # | B1458: x
A1459: #----------------------------------------------------------------------------------------------- | B1459: x
A1460: # | B1460: x
A1461: Acadie | B1461: Fundy | C1461: x
A1462: Accra | B1462: Edo | C1462: x
A1463: Adana | B1463: Alexandretta | C1463: x
A1464: Aden | B1464: Aden | C1464: x
A1465: Adirondak | B1465: Adirondak | C1465: x
A1466: Afars | B1466: Tadjourah | C1466: x
A1467: Ahwaz | B1467: Abadan | C1467: x
A1468: Aires | B1468: Aires | C1468: x
A1469: Aisen | B1469: Aisen | C1469: x
A1470: Ajeh | B1470: Kutaraja | C1470: x
A1471: Al Djazair | B1471: Algiers | C1471: x
A1472: Al Kharam | B1472: Suhar | C1472: x
... A2429: Zimbabwe | B2429: Zimbabwe | C2429: x
A2430: # | B2430: x
A2431: #----------------------------------------------------------------------------------------------- | B2431: x
A2432: #EOF | B2432: x

Sheet prov_color
A1: ID | B1: hex | C1: count | J1: ID | K1: hex | L1: count
A2: 1 | B2: #172f47 | C2: 65 | J2: 1 | K2: #172f47 | L2: 65
A3: 2 | B3: #2e5e8f | C3: 23 | J3: 2 | K3: #2e5e8f | L3: 23
A4: 3 | B4: #458ed7 | C4: 76 | J4: 3 | K4: #458ed7 | L4: 76
A5: 4 | B5: #5cbd25 | C5: 52 | J5: 4 | K5: #5cbd25 | L5: 52
A6: 5 | B6: #73ed6c | C6: 81 | J6: 5 | K6: #73ed6c | L6: 81
A7: 6 | B7: #8a22b4 | C7: 54 | J7: 6 | K7: #8a22b4 | L7: 54
A8: 7 | B8: #a15202 | C8: 45 | J8: 7 | K8: #a15202 | L8: 45
A9: 8 | B9: #b8814a | C9: 45 | J9: 8 | K9: #b8814a | L9: 45
A10: 9 | B10: #d0b192 | C10: 37 | J10: 9 | K10: #d0b192 | L10: 37
A11: 10 | B11: #e7e0d9 | C11: 40 | J11: 10 | K11: #e7e0d9 | L11: 40
A12: 11 | B12: #041627 | C12: 53 | J12: 11 | K12: #041627 | L12: 53
A13: 12 | B13: #1b456f | C13: 38 | J13: 12 | K13: #1b456f | L13: 38
... A4000: 3999 | B4000: #da1a54 | C4000: 0 | J4000: 3999 | K4000: #da1a54 | L4000: 0

Sheet provsagcp
A1: id | B1: continent | C1: region | D1: area | E1: terrain | F1: religion | G1: climate | H1: culture | I1: goods | J1: name | K1: colonization_difficulty | L1: income | M1: manpower | N1: size_modifier
A2: 0 | E2: terra_incognita | J2: Terra Incognita | Q2: {=_xlfn.UNIQUE(AGCEEP[continent])} -> 0 | R2: {=_xlfn.UNIQUE(AGCEEP[region])} -> 0 | S2: {=_xlfn.UNIQUE(AGCEEP[area])} -> 0 | T2: {=_xlfn.UNIQUE(AGCEEP[terrain])} -> terra_incognita | U2: {=_xlfn.UNIQUE(AGCEEP[religion])} -> 0 | V2: {=_xlfn.UNIQUE(AGCEEP[climate])} -> 0 | W2: {=_xlfn.UNIQUE(AGCEEP[culture])} -> 0 | X2: {=_xlfn.UNIQUE(AGCEEP[goods])} -> 0
A3: 1 | B3: America | C3: North America | D3: Alaska | E3: mountain | F3: pagan | G3: arctic | H3: inuit | I3: fur | J3: Yukon | K3: 9 | L3: 1 | M3: 1 | N3: 0 | Q3: America | R3: North America | S3: Alaska | T3: mountain | U3: pagan | V3: arctic | W3: inuit | X3: fur
A4: 2 | B4: America | C4: North America | D4: Alaska | E4: mountain | F4: pagan | G4: arctic | H4: inuit | I4: fur | J4: Kitimat | K4: 8 | L4: 1 | M4: 1 | N4: 0 | Q4: Europe | R4: Central America | S4: Oregon | T4: forest | U4: catholic | V4: ncontinental | W4: navajo | X4: wine
A5: 3 | B5: America | C5: North America | D5: Alaska | E5: forest | F5: pagan | G5: arctic | H5: inuit | I5: fur | J5: Sitka | K5: 7 | L5: 1 | M5: 1 | N5: 0 | Q5: Asia | R5: Caribbean | S5: California | T5: plains | U5: orthodox | V5: temperate | W5: aztec | X5: wool
A6: 4 | B6: America | C6: North America | D6: Oregon | E6: mountain | F6: pagan | G6: ncontinental | H6: navajo | I6: fur | J6: Nanaimo | K6: 7 | L6: 2 | M6: 1 | N6: 0 | Q6: Oceania | R6: South America | S6: Sonora | T6: desert | U6: sunni | V6: desertic | W6: zapotec | X6: salt
A7: 5 | B7: America | C7: North America | D7: Oregon | E7: mountain | F7: pagan | G7: ncontinental | H7: navajo | I7: fur | J7: Olympia | K7: 6 | L7: 3 | M7: 1 | N7: 0 | Q7: Africa | R7: British Isles | S7: Nevada | T7: marsh | U7: miaphysite | V7: tropical | W7: mayan | X7: gold
A8: 6 | B8: America | C8: North America | D8: Oregon | E8: forest | F8: pagan | G8: ncontinental | H8: navajo | I8: fur | J8: Columbia | K8: 4 | L8: 5 | M8: 1 | N8: 0 | R8: Scandinavia | S8: Azteca | T8: sea | U8: shia | V8: tundra | W8: mesoamerican | X8: grain
A9: 7 | B9: America | C9: North America | D9: Oregon | E9: forest | F9: pagan | G9: ncontinental | H9: navajo | I9: fur | J9: Nehalem | K9: 5 | L9: 3 | M9: 1 | N9: 0 | R9: Eastern Europe | S9: Costa Rica | T9: river | U9: hindu | V9: scontinental | W9: creek | X9: sugar
A10: 8 | B10: America | C10: North America | D10: California | E10: plains | F10: pagan | G10: temperate | H10: navajo | I10: wine | J10: Sacramento | K10: 2 | L10: 7 | M10: 2 | N10: 0 | R10: HRE | S10: Panama | U10: buddhist | W10: cherokee | X10: fish
A11: 9 | B11: America | C11: North America | D11: California | E11: mountain | F11: pagan | G11: temperate | H11: navajo | I11: wine | J11: Monterey | K11: 4 | L11: 5 | M11: 1 | N11: 0 | R11: Central Europe | S11: Texas | U11: confucian | W11: native | X11: chinaware
A12: 10 | B12: America | C12: North America | D12: California | E12: mountain | F12: pagan | G12: temperate | H12: navajo | I12: wool | J12: Sierra Madre | K12: 4 | L12: 4 | M12: 1 | N12: 0 | R12: Western Europe | S12: Louisiane | U12: shinto | W12: shawnee | X12: naval_supplies
A13: 11 | B13: America | C13: North America | D13: California | E13: desert | F13: pagan | G13: temperate | H13: navajo | I13: wool | J13: San Bernardino | K13: 3 | L13: 5 | M13: 2 | N13: 0 | R13: Southern Europe | S13: Florida | W13: iroquis | X13: cotton
A14: 12 | B14: America | C14: Central America | D14: Sonora | E14: mountain | F14: pagan | G14: desertic | H14: navajo | I14: wool | J14: Ensenada | K14: 8 | L14: 1 | M14: 1 | N14: 0 | R14: Middle East | S14: Georgia | W14: dakota | X14: tobacco
A15: 13 | B15: America | C15: Central America | D15: Sonora | E15: mountain | F15: pagan | G15: desertic | H15: navajo | I15: wool | J15: Baja | K15: 8 | L15: 1 | M15: 1 | N15: 0 | R15: Central Asia | S15: Kansas | W15: huron | X15: iron
A16: 14 | B16: America | C16: North America | D16: Nevada | E16: desert | F16: pagan | G16: desertic | H16: navajo | I16: salt | J16: Salton | K16: 9 | L16: 1 | M16: 1 | N16: 0 | R16: Siberia | S16: Illinois | W16: abenaki | X16: copper
A17: 15 | B17: America | C17: Central America | D17: Sonora | E17: desert | F17: pagan | G17: desertic | H17: navajo | I17: gold | J17: Altar | K17: 6 | L17: 1 | M17: 1 | N17: 0 | R17: India | S17: Appalachia | W17: cree | X17: coffee
A18: 16 | B18: America | C18: North America | D18: Nevada | E18: desert | F18: pagan | G18: desertic | H18: navajo | I18: wool | J18: Canyon | K18: 9 | L18: 1 | M18: 1 | N18: 0 | R18: China | S18: Ohio | W18: caribbean | X18: spices
A19: 17 | B19: America | C19: Central America | D19: Sonora | E19: desert | F19: pagan | G19: desertic | H19: navajo | I19: wool | J19: Empalme | K19: 7 | L19: 1 | M19: 1 | N19: 0 | R19: Korea | S19: Grand Lacs | W19: guajiro | X19: nothing
A20: 18 | B20: America | C20: North America | D20: Nevada | E20: mountain | F20: pagan | G20: desertic | H20: navajo | I20: wool | J20: Arizona | K20: 9 | L20: 1 | M20: 1 | N20: 0 | R20: Indochina | S20: Plaines | W20: andean | X20: slaves
A21: 19 | B21: America | C21: North America | D21: Nevada | E21: mountain | F21: pagan | G21: temperate | H21: navajo | I21: wool | J21: Pinalero | K21: 8 | L21: 1 | M21: 1 | N21: 0 | R21: Indonesia | S21: Maine | W21: teremembe | X21: cloth
A22: 20 | B22: America | C22: Central America | D22: Sonora | E22: desert | F22: pagan | G22: desertic | H22: navajo | I22: wool | J22: Chihuahua | K22: 7 | L22: 1 | M22: 1 | N22: 0 | R22: Japan | S22: Quebec | W22: tupinamba | X22: tea
A23: 21 | B23: America | C23: Central America | D23: Sonora | E23: mountain | F23: pagan | G23: desertic | H23: navajo | I23: grain | J23: Mazatlan | K23: 7 | L23: 1 | M23: 1 | N23: 0 | R23: Australia | S23: Acadie | W23: mataco | X23: ivory
A24: 22 | B24: America | C24: North America | D24: Nevada | E24: plains | F24: pagan | G24: temperate | H24: navajo | I24: wool | J24: El Paso | K24: 7 | L24: 2 | M24: 1 | N24: 0 | R24: North Africa | S24: Newfoundland | W24: celtic
A25: 23 | B25: America | C25: Central America | D25: Sonora | E25: desert | F25: pagan | G25: desertic | H25: navajo | I25: wool | J25: Coahuilha | K25: 7 | L25: 1 | M25: 1 | N25: 0 | R25: East Africa | S25: Labrador | W25: english
A26: 24 | B26: America | C26: Central America | D26: Azteca | E26: mountain | F26: pagan | G26: temperate | H26: aztec | I26: gold | J26: Jalisco | K26: 3 | L26: 5 | M26: 1 | N26: 0 | R26: South Africa | S26: Hudson Bay | W26: scandinavian
A27: 25 | B27: America | C27: Central America | D27: Sonora | E27: plains | F27: pagan | G27: temperate | H27: aztec | I27: gold | J27: Saltillo | K27: 6 | L27: 2 | M27: 1 | N27: 0 | R27: West Africa | S27: Cuba | W27: ugric
A28: 26 | B28: America | C28: Central America | D28: Azteca | E28: mountain | F28: pagan | G28: temperate | H28: aztec | I28: gold | J28: Michoac�n | K28: 3 | L28: 7 | M28: 3 | N28: 0 | R28: Pacific | S28: Haiti | W28: russian
A29: 27 | B29: America | C29: Central America | D29: Azteca | E29: mountain | F29: pagan | G29: temperate | H29: aztec | I29: gold | J29: Zacatecas | K29: 3 | L29: 8 | M29: 3 | N29: 0 | R29: NWPacificSea | S29: Antilles | W29: ruthenian
A30: 28 | B30: America | C30: Central America | D30: Sonora | E30: plains | F30: pagan | G30: temperate | H30: aztec | I30: sugar | J30: Tampico | K30: 6 | L30: 3 | M30: 2 | N30: 0 | R30: AlaskaSea | S30: Guiana | W30: baltic
A31: 29 | B31: America | C31: Central America | D31: Azteca | E31: plains | F31: pagan | G31: tropical | H31: zapotec | I31: grain | J31: Tlaxcala | K31: 4 | L31: 5 | M31: 2 | N31: 0 | R31: HudsonBaySea | S31: Orenoque | W31: polish
A32: 30 | B32: America | C32: Central America | D32: Azteca | E32: plains | F32: pagan | G32: tropical | H32: zapotec | I32: fish | J32: Atlixco | K32: 4 | L32: 5 | M32: 1 | N32: 0 | R32: ArcticSeaSea | S32: Ecuador | W32: tatar
A33: 31 | B33: America | C33: Central America | D33: Azteca | E33: mountain | F33: pagan | G33: tropical | H33: zapotec | I33: chinaware | J33: Tehuantepec | K33: 3 | L33: 3 | M33: 1 | N33: 0 | R33: KamtchatkaSea | S33: Inca | W33: german
A34: 32 | B34: America | C34: Central America | D34: Azteca | E34: marsh | F34: pagan | G34: tropical | H34: mayan | I34: wool | J34: Tehuacan | K34: 5 | L34: 5 | M34: 1 | N34: 0 | R34: ENACoastSea | S34: Chili | W34: czech
A35: 33 | B35: America | C35: Central America | D35: Costa Rica | E35: mountain | F35: pagan | G35: tropical | H35: mayan | I35: chinaware | J35: Guatemala | K35: 4 | L35: 3 | M35: 1 | N35: 0 | R35: NAtlanticSea | S35: Amazonia | W35: slovak
... A63: 61 | B63: America | C63: North America | D63: Appalachia | E63: mountain | F63: pagan | G63: ncontinental | H63: cherokee | I63: fur | J63: Alleghany | K63: 6 | L63: 3 | M63: 1 | N63: 0 | R63: Lake | S63: Lotharingia | W63: hindi
A64: 62 | B64: America | C64: North America | D64: Appalachia | E64: forest | F64: pagan | G64: temperate | H64: creek | I64: cotton | J64: Carolina | K64: 5 | L64: 5 | M64: 2 | N64: 0 | S64: France | W64: marathi
A65: 63 | B65: America | C65: North America | D65: Appalachia | E65: forest | F65: pagan | G65: temperate | H65: creek | I65: cotton | J65: Santee | K65: 5 | L65: 4 | M65: 2 | N65: 0 | S65: Switzerland | W65: bengali
A66: 64 | B66: America | C66: North America | D66: Appalachia | E66: marsh | F66: pagan | G66: temperate | H66: creek | I66: tobacco | J66: Roanoke | K66: 6 | L66: 6 | M66: 2 | N66: 0 | S66: Iberia | W66: telugu
A67: 65 | B67: America | C67: North America | D67: Appalachia | E67: forest | F67: pagan | G67: ncontinental | H67: cherokee | I67: tobacco | J67: Catawba | K67: 5 | L67: 4 | M67: 1 | N67: 0 | S67: Steppe | W67: kannada
A68: 66 | B68: America | C68: North America | D68: Appalachia | E68: mountain | F68: pagan | G68: ncontinental | H68: cherokee | I68: naval_supplies | J68: Appalache | K68: 7 | L68: 3 | M68: 1 | N68: 0 | S68: Caucasus | W68: tamil
A69: 67 | B69: America | C69: North America | D69: Ohio | E69: forest | F69: pagan | G69: tundra | H69: cherokee | I69: fur | J69: Kentucky | K69: 5 | L69: 3 | M69: 2 | N69: 0 | S69: Anatolia | W69: altai
A70: 68 | B70: America | C70: North America | D70: Appalachia | E70: marsh | F70: pagan | G70: ncontinental | H70: iroquis | I70: tobacco | J70: Chesapeake | K70: 4 | L70: 6 | M70: 2 | N70: 0 | S70: Levant | W70: mongol
A71: 69 | B71: America | C71: North America | D71: Appalachia | E71: forest | F71: pagan | G71: tundra | H71: iroquis | I71: tobacco | J71: Powhatan | K71: 4 | L71: 7 | M71: 2 | N71: 0 | S71: Persia | W71: manchu
A72: 70 | B72: America | C72: North America | D72: Appalachia | E72: mountain | F72: pagan | G72: tundra | H72: iroquis | I72: iron | J72: Shenandoah | K72: 5 | L72: 5 | M72: 2 | N72: 0 | S72: Nefud | W72: korean
A73: 71 | B73: America | C73: North America | D73: Ohio | E73: forest | F73: pagan | G73: tundra | H73: shawnee | I73: fur | J73: Erie | K73: 6 | L73: 3 | M73: 3 | N73: 0 | S73: Aden | W73: han
A74: 72 | B74: America | C74: North America | D74: Grand Lacs | E74: forest | F74: pagan | G74: tundra | H74: shawnee | I74: fur | J74: Hindua | K74: 6 | L74: 3 | M74: 2 | N74: 0 | S74: Oman | W74: zhuang
A75: 73 | B75: America | C75: North America | D75: Illinois | E75: forest | F75: pagan | G75: tundra | H75: shawnee | I75: fur | J75: Fox | K75: 5 | L75: 3 | M75: 2 | N75: 0 | S75: Sibir | W75: vietnamese
... A109: 107 | B109: America | C109: North America | D109: Quebec | E109: forest | F109: pagan | G109: arctic | H109: huron | I109: fur | J109: Ottawa | K109: 5 | L109: 5 | M109: 2 | N109: 0 | S109: Nippon | W109: uighur
A110: 108 | B110: America | C110: North America | D110: Quebec | E110: forest | F110: pagan | G110: arctic | H110: native | I110: fur | J110: Laurentia | K110: 5 | L110: 3 | M110: 1 | N110: 0 | S110: Formosa
A111: 109 | B111: America | C111: North America | D111: Quebec | E111: forest | F111: pagan | G111: tundra | H111: native | I111: grain | J111: Shawinigan | K111: 5 | L111: 4 | M111: 1 | N111: 0 | S111: Lucon
A112: 110 | B112: America | C112: North America | D112: Quebec | E112: forest | F112: pagan | G112: tundra | H112: native | I112: naval_supplies | J112: Stadacone | K112: 5 | L112: 5 | M112: 3 | N112: 0 | S112: Borneo
A113: 111 | B113: America | C113: North America | D113: Quebec | E113: mountain | F113: pagan | G113: tundra | H113: abenaki | I113: fur | J113: Bas St-Laurent | K113: 5 | L113: 3 | M113: 2 | N113: 0 | S113: Java
A114: 112 | B114: America | C114: North America | D114: Acadie | E114: forest | F114: pagan | G114: tundra | H114: abenaki | I114: naval_supplies | J114: Bangor | K114: 4 | L114: 3 | M114: 2 | N114: 0 | S114: Surabaya
A115: 113 | B115: America | C115: North America | D115: Acadie | E115: forest | F115: pagan | G115: tundra | H115: abenaki | I115: fish | J115: Micmac | K115: 4 | L115: 3 | M115: 1 | N115: 0 | S115: Celebes
A116: 114 | B116: America | C116: North America | D116: Acadie | E116: mountain | F116: pagan | G116: tundra | H116: abenaki | I116: fish | J116: Gasp�sie | K116: 5 | L116: 2 | M116: 1 | N116: 0 | S116: Amboina
A117: 115 | B117: America | C117: North America | D117: Acadie | E117: forest | F117: pagan | G117: tundra | H117: abenaki | I117: salt | J117: Acadie | K117: 4 | L117: 2 | M117: 1 | N117: 0 | S117: Ternate
A118: 116 | B118: America | C118: North America | D118: Acadie | E118: forest | F118: pagan | G118: ncontinental | H118: abenaki | I118: fish | J118: Nova Scotia | K118: 3 | L118: 3 | M118: 1 | N118: 0 | S118: Papua
A119: 117 | B119: America | C119: North America | D119: Acadie | E119: forest | F119: pagan | G119: ncontinental | H119: abenaki | I119: naval_supplies | J119: Isle Royale | K119: 4 | L119: 2 | M119: 1 | N119: 0 | S119: Kanguru
A120: 118 | B120: America | C120: North America | D120: Newfoundland | E120: mountain | F120: pagan | G120: tundra | H120: abenaki | I120: fish | J120: Gander | K120: 7 | L120: 1 | M120: 1 | N120: 0 | S120: Botany
A121: 119 | B121: America | C121: North America | D121: Newfoundland | E121: forest | F121: pagan | G121: ncontinental | H121: abenaki | I121: fish | J121: Placentia | K121: 6 | L121: 2 | M121: 1 | N121: 0 | S121: Maori
... A165: 163 | B165: America | C165: South America | D165: Ecuador | E165: mountain | F165: pagan | G165: tropical | H165: andean | I165: wool | J165: Azuay | K165: 6 | L165: 2 | M165: 1 | N165: 0 | S165: Dzungaria
A166: 164 | B166: America | C166: South America | D166: Ecuador | E166: plains | F166: pagan | G166: tropical | H166: andean | I166: spices | J166: Guayaquil | K166: 4 | L166: 3 | M166: 1 | N166: 0
A167: 165 | B167: America | C167: South America | D167: Inca | E167: plains | F167: pagan | G167: tropical | H167: andean | I167: coffee | J167: Cajamarca | K167: 3 | L167: 4 | M167: 1 | N167: 0
A168: 166 | B168: America | C168: South America | D168: Inca | E168: plains | F168: pagan | G168: tropical | H168: andean | I168: grain | J168: Huanuco | K168: 4 | L168: 4 | M168: 1 | N168: 0
A169: 167 | B169: America | C169: South America | D169: Inca | E169: mountain | F169: pagan | G169: temperate | H169: andean | I169: wool | J169: Ayacucho | K169: 4 | L169: 3 | M169: 1 | N169: 0
A170: 168 | B170: America | C170: South America | D170: Inca | E170: plains | F170: pagan | G170: temperate | H170: andean | I170: gold | J170: Lima | K170: 4 | L170: 6 | M170: 1 | N170: 0
A171: 169 | B171: America | C171: South America | D171: Inca | E171: mountain | F171: pagan | G171: temperate | H171: andean | I171: gold | J171: Cuzco | K171: 4 | L171: 5 | M171: 3 | N171: 0
A172: 170 | B172: America | C172: South America | D172: Inca | E172: mountain | F172: pagan | G172: temperate | H172: andean | I172: gold | J172: Arequipa | K172: 4 | L172: 5 | M172: 1 | N172: 0
A173: 171 | B173: America | C173: South America | D173: Inca | E173: mountain | F173: pagan | G173: temperate | H173: andean | I173: coffee | J173: Moquega | K173: 7 | L173: 3 | M173: 1 | N173: 0
A174: 172 | B174: America | C174: South America | D174: Inca | E174: desert | F174: pagan | G174: desertic | H174: andean | I174: copper | J174: Arica | K174: 8 | L174: 1 | M174: 1 | N174: 0
A175: 173 | B175: America | C175: South America | D175: Chili | E175: plains | F175: pagan | G175: desertic | H175: andean | I175: copper | J175: Atacama | K175: 6 | L175: 2 | M175: 1 | N175: 0
A176: 174 | B176: America | C176: South America | D176: Chili | E176: forest | F176: pagan | G176: temperate | H176: andean | I176: grain | J176: Coquimbo | K176: 5 | L176: 3 | M176: 1 | N176: 0
A177: 175 | B177: America | C177: South America | D177: Chili | E177: forest | F177: pagan | G177: temperate | H177: andean | I177: gold | J177: Valparaiso | K177: 4 | L177: 6 | M177: 1 | N177: 0
... A826: 824 | B826: Africa | C826: West Africa | D826: St Helena | E826: mountain | F826: pagan | G826: temperate | H826: native | I826: fish | J826: St. Helena | K826: 3 | L826: 1 | M826: 1 | N826: 0
A827: 825 | B827: America | C827: NWPacificSea | D827: Sea | E827: sea | G827: ncontinental | J827: Bering Straits | N827: 0
A828: 826 | B828: America | C828: AlaskaSea | D828: Sea | E828: sea | G828: tundra | J828: Aleutian Sea | N828: 0
A829: 827 | B829: America | C829: AlaskaSea | D829: Sea | E829: sea | G829: tundra | J829: Aleutian Islands | N829: 0
A830: 828 | B830: America | C830: AlaskaSea | D830: Sea | E830: sea | G830: tundra | J830: Gulf of Alaska | N830: 0
A831: 829 | B831: America | C831: HudsonBaySea | D831: HudsonBayArea | E831: sea | G831: tundra | J831: Hudson Bay | N831: 0
A832: 830 | B832: America | C832: HudsonBaySea | D832: Sea | E832: sea | G832: tundra | J832: Hudson Straits | N832: 0
A833: 831 | B833: America | C833: HudsonBaySea | D833: Sea | E833: sea | G833: tundra | J833: Sea of Baffin | N833: 0
A834: 832 | B834: America | C834: HudsonBaySea | D834: Sea | E834: sea | G834: ncontinental | J834: Strait of Labrador | N834: 0
A835: 833 | B835: America | C835: HudsonBaySea | D835: Sea | E835: sea | J835: Gulf of Saint Lawrence | N835: 0
A836: 834 | B836: America | C836: HudsonBaySea | D836: Sea | E836: sea | G836: ncontinental | J836: Sea of Labrador | N836: 0
A837: 835 | B837: America | C837: ArcticSeaSea | D837: Sea | E837: sea | G837: ncontinental | J837: Coast of Greenland | N837: 0
A838: 836 | B838: Europe | C838: ArcticSeaSea | D838: Sea | E838: sea | J838: Coast of Iceland | N838: 0
A839: 837 | B839: Europe | C839: ArcticSeaSea | D839: Sea | E839: sea | G839: ncontinental | J839: Icelandic Sea | N839: 0
A840: 838 | B840: Europe | C840: ArcticSeaSea | D840: Sea | E840: sea | G840: ncontinental | J840: Jan Mayen Sea | N840: 0
A841: 839 | B841: Europe | C841: ArcticSeaSea | D841: Sea | E841: sea | G841: ncontinental | J841: Spitzberg | N841: 0
A842: 840 | B842: Europe | C842: ArcticSeaSea | D842: Sea | E842: sea | J842: Throndheim Fjord | N842: 0
A843: 841 | B843: Europe | C843: ArcticSeaSea | D843: Sea | E843: sea | J843: The Lofotens | N843: 0
A844: 842 | B844: Europe | C844: ArcticSeaSea | D844: Sea | E844: sea | G844: ncontinental | J844: North Cape | N844: 0
A845: 843 | B845: Europe | C845: ArcticSeaSea | D845: Sea | E845: sea | G845: tundra | J845: White Sea | N845: 0
A846: 844 | B846: Asia | C846: KamtchatkaSea | D846: Sea | E846: sea | G846: ncontinental | J846: Bay of Ajan | N846: 0
A847: 845 | B847: Asia | C847: KamtchatkaSea | D847: Sea | E847: sea | G847: ncontinental | J847: Bay of Magadan | N847: 0
A848: 846 | B848: Asia | C848: KamtchatkaSea | D848: Sea | E848: sea | G848: ncontinental | J848: Gulf of kolyma | N848: 0
A849: 847 | B849: Asia | C849: KamtchatkaSea | D849: Sea | E849: sea | G849: tundra | J849: Bay of Kamenskoie | N849: 0
A850: 848 | B850: Asia | C850: KamtchatkaSea | D850: Sea | E850: sea | G850: ncontinental | J850: Coast of Kamchatska | N850: 0
A851: 849 | B851: Asia | C851: KamtchatkaSea | D851: Sea | E851: sea | J851: Cape of Kamchatska | N851: 0
...
